240,450,212
0.057966826722906796,0.1149834084202193,1.0
0.057966826722906796,-0.1149834084202193,-1.0
-0.057966826722906796,-0.1149834084202193,1.0
-0.057966826722906796,0.1149834084202193,-1.0
1.0,0.057966826722906796,0.1149834084202193
1.0,-0.057966826722906796,-0.1149834084202193
-1.0,-0.057966826722906796,0.1149834084202193
-1.0,0.057966826722906796,-0.1149834084202193
0.1149834084202193,1.0,0.057966826722906796
0.1149834084202193,-1.0,-0.057966826722906796
-0.1149834084202193,-1.0,0.057966826722906796
-0.1149834084202193,1.0,-0.057966826722906796
0.2072157676867501,0.000595983706989719,0.9801527973986446
0.2072157676867501,-0.000595983706989719,-0.9801527973986446
-0.2072157676867501,-0.000595983706989719,0.9801527973986446
-0.2072157676867501,0.000595983706989719,-0.9801527973986446
0.9801527973986446,0.2072157676867501,0.000595983706989719
0.9801527973986446,-0.2072157676867501,-0.000595983706989719
-0.9801527973986446,-0.2072157676867501,0.000595983706989719
-0.9801527973986446,0.2072157676867501,-0.000595983706989719
0.000595983706989719,0.9801527973986446,0.2072157676867501
0.000595983706989719,-0.9801527973986446,-0.2072157676867501
-0.000595983706989719,-0.9801527973986446,0.2072157676867501
-0.000595983706989719,0.9801527973986446,-0.2072157676867501
0.18628932769404116,-0.18521187809492343,0.9731751115621543
0.18628932769404116,0.18521187809492343,-0.9731751115621543
-0.18628932769404116,0.18521187809492343,0.9731751115621543
-0.18628932769404116,-0.18521187809492343,-0.9731751115621543
0.9731751115621543,-0.18628932769404116,0.18521187809492343
0.9731751115621543,0.18628932769404116,-0.18521187809492343
-0.9731751115621543,0.18628932769404116,0.18521187809492343
-0.9731751115621543,-0.18628932769404116,-0.18521187809492343
0.18521187809492343,-0.9731751115621543,0.18628932769404116
0.18521187809492343,0.9731751115621543,-0.18628932769404116
-0.18521187809492343,0.9731751115621543,0.18628932769404116
-0.18521187809492343,-0.9731751115621543,-0.18628932769404116
0.24403275488356754,0.2786427059144819,0.9374877109321221
0.24403275488356754,-0.2786427059144819,-0.9374877109321221
-0.24403275488356754,-0.2786427059144819,0.9374877109321221
-0.24403275488356754,0.2786427059144819,-0.9374877109321221
0.9374877109321221,0.24403275488356754,0.2786427059144819
0.9374877109321221,-0.24403275488356754,-0.2786427059144819
-0.9374877109321221,-0.24403275488356754,0.2786427059144819
-0.9374877109321221,0.24403275488356754,-0.2786427059144819
0.2786427059144819,0.9374877109321221,0.24403275488356754
0.2786427059144819,-0.9374877109321221,-0.24403275488356754
-0.2786427059144819,-0.9374877109321221,0.24403275488356754
-0.2786427059144819,0.9374877109321221,-0.24403275488356754
0.36302153721772057,0.06811098197853359,0.9363813323674215
0.36302153721772057,-0.06811098197853359,-0.9363813323674215
-0.36302153721772057,-0.06811098197853359,0.9363813323674215
-0.36302153721772057,0.06811098197853359,-0.9363813323674215
0.9363813323674215,0.36302153721772057,0.06811098197853359
0.9363813323674215,-0.36302153721772057,-0.06811098197853359
-0.9363813323674215,-0.36302153721772057,0.06811098197853359
-0.9363813323674215,0.36302153721772057,-0.06811098197853359
0.06811098197853359,0.9363813323674215,0.36302153721772057
0.06811098197853359,-0.9363813323674215,-0.36302153721772057
-0.06811098197853359,-0.9363813323674215,0.36302153721772057
-0.06811098197853359,0.9363813323674215,-0.36302153721772057
0.4157655716016501,-0.15345262231552473,0.90378372641436
0.4157655716016501,0.15345262231552473,-0.90378372641436
-0.4157655716016501,0.15345262231552473,0.90378372641436
-0.4157655716016501,-0.15345262231552473,-0.90378372641436
0.90378372641436,-0.4157655716016501,0.15345262231552473
0.90378372641436,0.4157655716016501,-0.15345262231552473
-0.90378372641436,0.4157655716016501,0.15345262231552473
-0.90378372641436,-0.4157655716016501,-0.15345262231552473
0.15345262231552473,-0.90378372641436,0.4157655716016501
0.15345262231552473,0.90378372641436,-0.4157655716016501
-0.15345262231552473,0.90378372641436,0.4157655716016501
-0.15345262231552473,-0.90378372641436,-0.4157655716016501
0.24497687625328798,-0.4175720247981774,0.8844214331524232
0.24497687625328798,0.4175720247981774,-0.8844214331524232
-0.24497687625328798,0.4175720247981774,0.8844214331524232
-0.24497687625328798,-0.4175720247981774,-0.8844214331524232
0.8844214331524232,-0.24497687625328798,0.4175720247981774
0.8844214331524232,0.24497687625328798,-0.4175720247981774
-0.8844214331524232,0.24497687625328798,0.4175720247981774
-0.8844214331524232,-0.24497687625328798,-0.4175720247981774
0.4175720247981774,-0.8844214331524232,0.24497687625328798
0.4175720247981774,0.8844214331524232,-0.24497687625328798
-0.4175720247981774,0.8844214331524232,0.24497687625328798
-0.4175720247981774,-0.8844214331524232,-0.24497687625328798
0.40600959437637574,-0.32225115204446,0.8572914557507999
0.40600959437637574,0.32225115204446,-0.8572914557507999
-0.40600959437637574,0.32225115204446,0.8572914557507999
-0.40600959437637574,-0.32225115204446,-0.8572914557507999
0.8572914557507999,-0.40600959437637574,0.32225115204446
0.8572914557507999,0.40600959437637574,-0.32225115204446
-0.8572914557507999,0.40600959437637574,0.32225115204446
-0.8572914557507999,-0.40600959437637574,-0.32225115204446
0.32225115204446,-0.8572914557507999,0.40600959437637574
0.32225115204446,0.8572914557507999,-0.40600959437637574
-0.32225115204446,0.8572914557507999,0.40600959437637574
-0.32225115204446,-0.8572914557507999,-0.40600959437637574
0.40697391627102625,0.3226194902321208,0.8566954720438102
0.40697391627102625,-0.3226194902321208,-0.8566954720438102
-0.40697391627102625,-0.3226194902321208,0.8566954720438102
-0.40697391627102625,0.3226194902321208,-0.8566954720438102
0.8566954720438102,0.40697391627102625,0.3226194902321208
0.8566954720438102,-0.40697391627102625,-0.3226194902321208
-0.8566954720438102,-0.40697391627102625,0.3226194902321208
-0.8566954720438102,0.40697391627102625,-0.3226194902321208
0.3226194902321208,0.8566954720438102,0.40697391627102625
0.3226194902321208,-0.8566954720438102,-0.40697391627102625
-0.3226194902321208,-0.8566954720438102,0.40697391627102625
-0.3226194902321208,0.8566954720438102,-0.40697391627102625
0.1870100495303812,0.5113643206558163,0.848595964017691
0.1870100495303812,-0.5113643206558163,-0.848595964017691
-0.1870100495303812,-0.5113643206558163,0.848595964017691
-0.1870100495303812,0.5113643206558163,-0.848595964017691
0.848595964017691,0.1870100495303812,0.5113643206558163
0.848595964017691,-0.1870100495303812,-0.5113643206558163
-0.848595964017691,-0.1870100495303812,0.5113643206558163
-0.848595964017691,0.1870100495303812,-0.5113643206558163
0.5113643206558163,0.848595964017691,0.1870100495303812
0.5113643206558163,-0.848595964017691,-0.1870100495303812
-0.5113643206558163,-0.848595964017691,0.1870100495303812
-0.5113643206558163,0.848595964017691,-0.1870100495303812
0.525971455450049,0.19554752418539004,0.8356727444358264
0.525971455450049,-0.19554752418539004,-0.8356727444358264
-0.525971455450049,-0.19554752418539004,0.8356727444358264
-0.525971455450049,0.19554752418539004,-0.8356727444358264
0.8356727444358264,0.525971455450049,0.19554752418539004
0.8356727444358264,-0.525971455450049,-0.19554752418539004
-0.8356727444358264,-0.525971455450049,0.19554752418539004
-0.8356727444358264,0.525971455450049,-0.19554752418539004
0.19554752418539004,0.8356727444358264,0.525971455450049
0.19554752418539004,-0.8356727444358264,-0.525971455450049
-0.19554752418539004,-0.8356727444358264,0.525971455450049
-0.19554752418539004,0.8356727444358264,-0.525971455450049
0.05774342718952637,-0.5800651698648076,0.8223545746758377
0.05774342718952637,0.5800651698648076,-0.8223545746758377
-0.05774342718952637,0.5800651698648076,0.8223545746758377
-0.05774342718952637,-0.5800651698648076,-0.8223545746758377
0.8223545746758377,-0.05774342718952637,0.5800651698648076
0.8223545746758377,0.05774342718952637,-0.5800651698648076
-0.8223545746758377,0.05774342718952637,0.5800651698648076
-0.8223545746758377,-0.05774342718952637,-0.5800651698648076
0.5800651698648076,-0.8223545746758377,0.05774342718952637
0.5800651698648076,0.8223545746758377,-0.05774342718952637
-0.5800651698648076,0.8223545746758377,0.05774342718952637
-0.5800651698648076,-0.8223545746758377,-0.05774342718952637
0.6113130957870402,-0.16294991823232846,0.7829287100518968
0.6113130957870402,0.16294991823232846,-0.7829287100518968
-0.6113130957870402,0.16294991823232846,0.7829287100518968
-0.6113130957870402,-0.16294991823232846,-0.7829287100518968
0.7829287100518968,-0.6113130957870402,0.16294991823232846
0.7829287100518968,0.6113130957870402,-0.16294991823232846
-0.7829287100518968,0.6113130957870402,0.16294991823232846
-0.7829287100518968,-0.6113130957870402,-0.16294991823232846
0.16294991823232846,-0.7829287100518968,0.6113130957870402
0.16294991823232846,0.7829287100518968,-0.6113130957870402
-0.16294991823232846,0.7829287100518968,0.6113130957870402
-0.16294991823232846,-0.7829287100518968,-0.6113130957870402
0.43102393921951365,0.4886356793441837,0.7694380247322038
0.43102393921951365,-0.4886356793441837,-0.7694380247322038
-0.43102393921951365,-0.4886356793441837,0.7694380247322038
-0.43102393921951365,0.4886356793441837,-0.7694380247322038
0.7694380247322038,0.43102393921951365,0.4886356793441837
0.7694380247322038,-0.43102393921951365,-0.4886356793441837
-0.7694380247322038,-0.43102393921951365,0.4886356793441837
-0.7694380247322038,0.43102393921951365,-0.4886356793441837
0.4886356793441837,0.7694380247322038,0.43102393921951365
0.4886356793441837,-0.7694380247322038,-0.43102393921951365
-0.4886356793441837,-0.7694380247322038,0.43102393921951365
-0.4886356793441837,0.7694380247322038,-0.43102393921951365
0.5437118687613558,-0.3931099416973467,0.7522758328371988
0.5437118687613558,0.3931099416973467,-0.7522758328371988
-0.5437118687613558,0.3931099416973467,0.7522758328371988
-0.5437118687613558,-0.3931099416973467,-0.7522758328371988
0.7522758328371988,-0.5437118687613558,0.3931099416973467
0.7522758328371988,0.5437118687613558,-0.3931099416973467
-0.7522758328371988,0.5437118687613558,0.3931099416973467
-0.7522758328371988,-0.5437118687613558,-0.3931099416973467
0.3931099416973467,-0.7522758328371988,0.5437118687613558
0.3931099416973467,0.7522758328371988,-0.5437118687613558
-0.3931099416973467,0.7522758328371988,0.5437118687613558
-0.3931099416973467,-0.7522758328371988,-0.5437118687613558
0.6794240777655737,0.05274403438392955,0.7408338081820315
0.6794240777655737,-0.05274403438392955,-0.7408338081820315
-0.6794240777655737,-0.05274403438392955,0.7408338081820315
-0.6794240777655737,0.05274403438392955,-0.7408338081820315
0.7408338081820315,0.6794240777655737,0.05274403438392955
0.7408338081820315,-0.6794240777655737,-0.05274403438392955
-0.7408338081820315,-0.6794240777655737,0.05274403438392955
-0.7408338081820315,0.6794240777655737,-0.05274403438392955
0.05274403438392955,0.7408338081820315,0.6794240777655737
0.05274403438392955,-0.7408338081820315,-0.6794240777655737
-0.05274403438392955,-0.7408338081820315,0.6794240777655737
-0.05274403438392955,0.7408338081820315,-0.6794240777655737
0.3730571124966069,-0.5824279752018227,0.7336125555974717
0.3730571124966069,0.5824279752018227,-0.7336125555974717
-0.3730571124966069,0.5824279752018227,0.7336125555974717
-0.3730571124966069,-0.5824279752018227,-0.7336125555974717
0.7336125555974717,-0.3730571124966069,0.5824279752018227
0.7336125555974717,0.3730571124966069,-0.5824279752018227
-0.7336125555974717,0.3730571124966069,0.5824279752018227
-0.7336125555974717,-0.3730571124966069,-0.5824279752018227
0.5824279752018227,-0.7336125555974717,0.3730571124966069
0.5824279752018227,0.7336125555974717,-0.3730571124966069
-0.5824279752018227,0.7336125555974717,0.3730571124966069
-0.5824279752018227,-0.7336125555974717,-0.3730571124966069
0.1987938266896256,0.6575333071665238,0.7292250683154862
0.1987938266896256,-0.6575333071665238,-0.7292250683154862
-0.1987938266896256,-0.6575333071665238,0.7292250683154862
-0.1987938266896256,0.6575333071665238,-0.7292250683154862
0.7292250683154862,0.1987938266896256,0.6575333071665238
0.7292250683154862,-0.1987938266896256,-0.6575333071665238
-0.7292250683154862,-0.1987938266896256,0.6575333071665238
-0.7292250683154862,0.1987938266896256,-0.6575333071665238
0.6575333071665238,0.7292250683154862,0.1987938266896256
0.6575333071665238,-0.7292250683154862,-0.1987938266896256
-0.6575333071665238,-0.7292250683154862,0.1987938266896256
-0.6575333071665238,0.7292250683154862,-0.1987938266896256
0.19975814858427615,-0.6579016453541846,0.7286290846084965
0.19975814858427615,0.6579016453541846,-0.7286290846084965
-0.19975814858427615,0.6579016453541846,0.7286290846084965
-0.19975814858427615,-0.6579016453541846,-0.7286290846084965
0.7286290846084965,-0.19975814858427615,0.6579016453541846
0.7286290846084965,0.19975814858427615,-0.6579016453541846
-0.7286290846084965,0.19975814858427615,0.6579016453541846
-0.7286290846084965,-0.19975814858427615,-0.6579016453541846
0.6579016453541846,-0.7286290846084965,0.19975814858427615
0.6579016453541846,0.7286290846084965,-0.19975814858427615
-0.6579016453541846,0.7286290846084965,0.19975814858427615
-0.6579016453541846,-0.7286290846084965,-0.19975814858427615
0.6371426965809143,0.3574225410673146,0.6945324056476724
0.6371426965809143,-0.3574225410673146,-0.6945324056476724
-0.6371426965809143,-0.3574225410673146,0.6945324056476724
-0.6371426965809143,0.3574225410673146,-0.6945324056476724
0.6945324056476724,0.6371426965809143,0.3574225410673146
0.6945324056476724,-0.6371426965809143,-0.3574225410673146
-0.6945324056476724,-0.6371426965809143,0.3574225410673146
-0.6945324056476724,0.6371426965809143,-0.3574225410673146
0.3574225410673146,0.6945324056476724,0.6371426965809143
0.3574225410673146,-0.6945324056476724,-0.6371426965809143
-0.3574225410673146,-0.6945324056476724,0.6371426965809143
-0.3574225410673146,0.6945324056476724,-0.6371426965809143
24,2
2,38
38,110
110,132
132,72
72,24
25,3
3,39
39,111
111,133
133,73
73,25
26,0
0,36
36,108
108,134
134,74
74,26
27,1
1,37
37,109
109,135
135,75
75,27
28,4
4,40
40,112
112,136
136,76
76,28
29,5
5,41
41,113
113,137
137,77
77,29
30,6
6,42
42,114
114,138
138,78
78,30
31,7
7,43
43,115
115,139
139,79
79,31
32,9
9,45
45,117
117,140
140,80
80,32
33,8
8,44
44,116
116,141
141,81
81,33
34,11
11,47
47,119
119,142
142,82
82,34
35,10
10,46
46,118
118,143
143,83
83,35
164,236
236,156
156,228
228,160
160,232
232,164
165,237
237,157
157,229
229,161
161,233
233,165
166,238
238,158
158,230
230,162
162,234
234,166
167,239
239,159
159,231
231,163
163,235
235,167
168,192
192,176
176,200
200,172
172,196
196,168
169,193
193,177
177,201
201,173
173,197
197,169
170,194
194,178
178,202
202,174
174,198
198,170
171,195
195,179
179,203
203,175
175,199
199,171
48,60
60,144
144,180
180,120
120,48
49,61
61,145
145,181
181,121
121,49
50,62
62,146
146,182
182,122
122,50
51,63
63,147
147,183
183,123
123,51
52,65
65,149
149,184
184,124
124,52
53,64
64,148
148,185
185,125
125,53
54,67
67,151
151,186
186,126
126,54
55,66
66,150
150,187
187,127
127,55
56,70
70,154
154,188
188,128
128,56
57,71
71,155
155,189
189,129
129,57
58,68
68,152
152,190
190,130
130,58
59,69
69,153
153,191
191,131
131,59
0,2
24,12
12,0
1,3
25,13
13,1
26,14
14,2
27,15
15,3
4,5
29,16
16,4
28,17
17,5
6,7
31,18
18,6
30,19
19,7
8,11
34,20
20,8
9,10
35,21
21,9
32,22
22,10
33,23
23,11
132,216
216,192
192,72
133,217
217,193
193,73
134,218
218,194
194,74
135,219
219,195
195,75
136,220
220,196
196,76
137,221
221,197
197,77
138,222
222,198
198,78
139,223
223,199
199,79
140,224
224,200
200,80
141,225
225,201
201,81
142,226
226,202
202,82
143,227
227,203
203,83
84,72
168,84
85,73
169,85
86,74
170,86
87,75
171,87
88,76
172,88
89,77
173,89
90,78
174,90
91,79
175,91
92,80
176,92
93,81
177,93
94,82
178,94
95,83
179,95
96,156
156,108
36,96
97,157
157,109
37,97
98,158
158,110
38,98
99,159
159,111
39,99
100,160
160,112
40,100
101,161
161,113
41,101
102,162
162,114
42,102
103,163
163,115
43,103
104,164
164,116
44,104
105,165
165,117
45,105
106,166
166,118
46,106
107,167
167,119
47,107
236,204
204,108
237,205
205,109
238,206
206,110
239,207
207,111
228,208
208,112
229,209
209,113
230,210
210,114
231,211
211,115
232,212
212,116
233,213
213,117
234,214
214,118
235,215
215,119
36,48
120,96
37,49
121,97
38,50
122,98
39,51
123,99
40,52
124,100
41,53
125,101
42,54
126,102
43,55
127,103
44,56
128,104
45,57
129,105
46,58
130,106
47,59
131,107
48,12
24,60
49,13
25,61
50,14
26,62
51,15
27,63
52,16
29,65
53,17
28,64
54,18
31,67
55,19
30,66
56,20
34,70
57,21
35,71
58,22
32,68
59,23
33,69
60,84
168,144
61,85
169,145
62,86
170,146
63,87
171,147
64,88
172,148
65,89
173,149
66,90
174,150
67,91
175,151
68,92
176,152
69,93
177,153
70,94
178,154
71,95
179,155
180,208
228,120
181,209
229,121
182,210
230,122
183,211
231,123
184,212
232,124
185,213
233,125
186,214
234,126
187,215
235,127
188,204
236,128
189,205
237,129
190,206
238,130
191,207
239,131
132,190
152,216
133,191
153,217
134,188
154,218
135,189
155,219
136,180
144,220
137,181
145,221
138,182
146,222
139,183
147,223
140,185
148,224
141,184
149,225
142,187
150,226
143,186
151,227
0,1,2,3,4,5
6,7,8,9,10,11
12,13,14,15,16,17
18,19,20,21,22,23
24,25,26,27,28,29
30,31,32,33,34,35
36,37,38,39,40,41
42,43,44,45,46,47
48,49,50,51,52,53
54,55,56,57,58,59
60,61,62,63,64,65
66,67,68,69,70,71
72,73,74,75,76,77
78,79,80,81,82,83
84,85,86,87,88,89
90,91,92,93,94,95
96,97,98,99,100,101
102,103,104,105,106,107
108,109,110,111,112,113
114,115,116,117,118,119
120,121,122,123,124
125,126,127,128,129
130,131,132,133,134
135,136,137,138,139
140,141,142,143,144
145,146,147,148,149
150,151,152,153,154
155,156,157,158,159
160,161,162,163,164
165,166,167,168,169
170,171,172,173,174
175,176,177,178,179
180,0,181,182
183,6,184,185
180,12,186,187
183,18,188,189
190,30,191,192
190,24,193,194
195,42,196,197
195,36,198,199
200,60,201,202
203,66,204,205
203,48,206,207
200,54,208,209
4,210,211,212
10,213,214,215
16,216,217,218
22,219,220,221
28,222,223,224
34,225,226,227
40,228,229,230
46,231,232,233
52,234,235,236
58,237,238,239
64,240,241,242
70,243,244,245
246,212,96,247
248,215,102,249
250,218,108,251
252,221,114,253
254,224,100,255
256,227,106,257
258,230,112,259
260,233,118,261
262,236,98,263
264,239,104,265
266,242,110,267
268,245,116,269
270,271,14,272
273,274,20,275
276,277,2,278
279,280,8,281
282,283,26,284
285,286,32,287
288,289,38,290
291,292,44,293
294,295,56,296
297,298,50,299
300,301,68,302
303,304,62,305
271,73,306,307
274,79,308,309
277,85,310,311
280,91,312,313
283,75,314,315
286,81,316,317
289,87,318,319
292,93,320,321
295,77,322,323
298,83,324,325
301,89,326,327
304,95,328,329
330,124,331,272
332,129,333,275
334,134,335,278
336,139,337,281
338,144,339,284
340,149,341,287
342,154,343,290
344,159,345,293
346,164,347,296
348,169,349,299
350,174,351,302
352,179,353,305
354,181,355,120
356,184,357,125
358,186,359,130
360,188,361,135
362,191,363,140
364,193,365,145
366,196,367,150
368,198,369,155
370,201,371,160
372,204,373,165
374,206,375,170
376,208,377,175
378,247,379,121
380,249,381,126
382,251,383,131
384,253,385,136
386,255,387,146
388,257,389,141
390,259,391,156
392,261,393,151
394,263,395,171
396,265,397,176
398,267,399,161
400,269,401,166
123,402,314,403
128,404,316,405
133,406,318,407
138,408,320,409
143,410,322,411
148,412,324,413
153,414,326,415
158,416,328,417
163,418,306,419
168,420,308,421
173,422,310,423
178,424,312,425
426,172,427,210
428,177,429,213
430,162,431,216
432,167,433,219
434,122,435,222
436,127,437,225
438,132,439,228
440,137,441,231
442,147,443,234
444,142,445,237
446,157,447,240
448,152,449,243
354,330,13,182
356,332,19,185
358,334,1,187
360,336,7,189
362,338,25,192
364,340,31,194
366,342,37,197
368,344,43,199
370,346,55,202
372,348,49,205
374,350,67,207
376,352,61,209
5,246,378,355
11,248,380,357
17,250,382,359
23,252,384,361
29,254,386,365
35,256,388,363
41,258,390,369
47,260,392,367
53,262,394,375
59,264,396,377
65,266,398,371
71,268,400,373
403,74,270,331
405,80,273,333
407,86,276,335
409,92,279,337
411,76,282,339
413,82,285,341
415,88,288,343
417,94,291,345
419,72,294,347
421,78,297,349
423,84,300,351
425,90,303,353
3,311,422,426
9,313,424,428
15,307,418,430
21,309,420,432
27,315,402,434
33,317,404,436
39,319,406,438
45,321,408,440
51,325,412,442
57,323,410,444
63,329,416,446
69,327,414,448
379,101,223,435
381,107,226,437
383,113,229,439
385,119,232,441
387,99,235,443
389,105,238,445
391,111,241,447
393,117,244,449
395,97,211,427
397,103,214,429
399,109,217,431
401,115,220,433
