272,810,540
0.0,0.12193452268465603,1.0
0.0,0.12193452268465603,-1.0
0.0,-0.12193452268465603,1.0
0.0,-0.12193452268465603,-1.0
1.0,0.0,0.12193452268465603
1.0,0.0,-0.12193452268465603
-1.0,0.0,0.12193452268465603
-1.0,0.0,-0.12193452268465603
0.12193452268465603,1.0,0.0
0.12193452268465603,-1.0,0.0
-0.12193452268465603,1.0,0.0
-0.12193452268465603,-1.0,0.0
0.20624898954820053,0.0,0.9856001789676643
0.20624898954820053,0.0,-0.9856001789676643
-0.20624898954820053,0.0,0.9856001789676643
-0.20624898954820053,0.0,-0.9856001789676643
0.9856001789676643,0.20624898954820053,0.0
0.9856001789676643,-0.20624898954820053,0.0
-0.9856001789676643,0.20624898954820053,0.0
-0.9856001789676643,-0.20624898954820053,0.0
0.0,0.9856001789676643,0.20624898954820053
0.0,0.9856001789676643,-0.20624898954820053
0.0,-0.9856001789676643,0.20624898954820053
0.0,-0.9856001789676643,-0.20624898954820053
0.20875002059394746,0.23635203432803362,0.9565422876542213
0.20875002059394746,0.23635203432803362,-0.9565422876542213
0.20875002059394746,-0.23635203432803362,0.9565422876542213
0.20875002059394746,-0.23635203432803362,-0.9565422876542213
-0.20875002059394746,0.23635203432803362,0.9565422876542213
-0.20875002059394746,0.23635203432803362,-0.9565422876542213
-0.20875002059394746,-0.23635203432803362,0.9565422876542213
-0.20875002059394746,-0.23635203432803362,-0.9565422876542213
0.9565422876542213,0.20875002059394746,0.23635203432803362
0.9565422876542213,0.20875002059394746,-0.23635203432803362
0.9565422876542213,-0.20875002059394746,0.23635203432803362
0.9565422876542213,-0.20875002059394746,-0.23635203432803362
-0.9565422876542213,0.20875002059394746,0.23635203432803362
-0.9565422876542213,0.20875002059394746,-0.23635203432803362
-0.9565422876542213,-0.20875002059394746,0.23635203432803362
-0.9565422876542213,-0.20875002059394746,-0.23635203432803362
0.23635203432803362,0.9565422876542213,0.20875002059394746
0.23635203432803362,0.9565422876542213,-0.20875002059394746
0.23635203432803362,-0.9565422876542213,0.20875002059394746
0.23635203432803362,-0.9565422876542213,-0.20875002059394746
-0.23635203432803362,0.9565422876542213,0.20875002059394746
-0.23635203432803362,0.9565422876542213,-0.20875002059394746
-0.23635203432803362,-0.9565422876542213,0.20875002059394746
-0.23635203432803362,-0.9565422876542213,-0.20875002059394746
0.0,0.3595026303222138,0.9411901052285442
0.0,0.3595026303222138,-0.9411901052285442
0.0,-0.3595026303222138,0.9411901052285442
0.0,-0.3595026303222138,-0.9411901052285442
0.9411901052285442,0.0,0.3595026303222138
0.9411901052285442,0.0,-0.3595026303222138
-0.9411901052285442,0.0,0.3595026303222138
-0.9411901052285442,0.0,-0.3595026303222138
0.3595026303222138,0.9411901052285442,0.0
0.3595026303222138,-0.9411901052285442,0.0
-0.3595026303222138,0.9411901052285442,0.0
-0.3595026303222138,-0.9411901052285442,0.0
0.3934815660899402,0.10796878865542434,0.9193325063041163
0.3934815660899402,0.10796878865542434,-0.9193325063041163
0.3934815660899402,-0.10796878865542434,0.9193325063041163
0.3934815660899402,-0.10796878865542434,-0.9193325063041163
-0.3934815660899402,0.10796878865542434,0.9193325063041163
-0.3934815660899402,0.10796878865542434,-0.9193325063041163
-0.3934815660899402,-0.10796878865542434,0.9193325063041163
-0.3934815660899402,-0.10796878865542434,-0.9193325063041163
0.9193325063041163,0.3934815660899402,0.10796878865542434
0.9193325063041163,0.3934815660899402,-0.10796878865542434
0.9193325063041163,-0.3934815660899402,0.10796878865542434
0.9193325063041163,-0.3934815660899402,-0.10796878865542434
-0.9193325063041163,0.3934815660899402,0.10796878865542434
-0.9193325063041163,0.3934815660899402,-0.10796878865542434
-0.9193325063041163,-0.3934815660899402,0.10796878865542434
-0.9193325063041163,-0.3934815660899402,-0.10796878865542434
0.10796878865542434,0.9193325063041163,0.3934815660899402
0.10796878865542434,0.9193325063041163,-0.3934815660899402
0.10796878865542434,-0.9193325063041163,0.3934815660899402
0.10796878865542434,-0.9193325063041163,-0.3934815660899402
-0.10796878865542434,0.9193325063041163,0.3934815660899402
-0.10796878865542434,0.9193325063041163,-0.3934815660899402
-0.10796878865542434,-0.9193325063041163,0.3934815660899402
-0.10796878865542434,-0.9193325063041163,-0.3934815660899402
0.21036989332206316,0.4623201602894437,0.8699842557172754
0.21036989332206316,0.4623201602894437,-0.8699842557172754
0.21036989332206316,-0.4623201602894437,0.8699842557172754
0.21036989332206316,-0.4623201602894437,-0.8699842557172754
-0.21036989332206316,0.4623201602894437,0.8699842557172754
-0.21036989332206316,0.4623201602894437,-0.8699842557172754
-0.21036989332206316,-0.4623201602894437,0.8699842557172754
-0.21036989332206316,-0.4623201602894437,-0.8699842557172754
0.8699842557172754,0.21036989332206316,0.4623201602894437
0.8699842557172754,0.21036989332206316,-0.4623201602894437
0.8699842557172754,-0.21036989332206316,0.4623201602894437
0.8699842557172754,-0.21036989332206316,-0.4623201602894437
-0.8699842557172754,0.21036989332206316,0.4623201602894437
-0.8699842557172754,0.21036989332206316,-0.4623201602894437
-0.8699842557172754,-0.21036989332206316,0.4623201602894437
-0.8699842557172754,-0.21036989332206316,-0.4623201602894437
0.4623201602894437,0.8699842557172754,0.21036989332206316
0.4623201602894437,0.8699842557172754,-0.21036989332206316
0.4623201602894437,-0.8699842557172754,0.21036989332206316
0.4623201602894437,-0.8699842557172754,-0.21036989332206316
-0.4623201602894437,0.8699842557172754,0.21036989332206316
-0.4623201602894437,0.8699842557172754,-0.21036989332206316
-0.4623201602894437,-0.8699842557172754,0.21036989332206316
-0.4623201602894437,-0.8699842557172754,-0.21036989332206316
0.40769169973409813,0.325941151866677,0.8611017372868849
0.40769169973409813,0.325941151866677,-0.8611017372868849
0.40769169973409813,-0.325941151866677,0.8611017372868849
0.40769169973409813,-0.325941151866677,-0.8611017372868849
-0.40769169973409813,0.325941151866677,0.8611017372868849
-0.40769169973409813,0.325941151866677,-0.8611017372868849
-0.40769169973409813,-0.325941151866677,0.8611017372868849
-0.40769169973409813,-0.325941151866677,-0.8611017372868849
0.8611017372868849,0.40769169973409813,0.325941151866677
0.8611017372868849,0.40769169973409813,-0.325941151866677
0.8611017372868849,-0.40769169973409813,0.325941151866677
0.8611017372868849,-0.40769169973409813,-0.325941151866677
-0.8611017372868849,0.40769169973409813,0.325941151866677
-0.8611017372868849,0.40769169973409813,-0.325941151866677
-0.8611017372868849,-0.40769169973409813,0.325941151866677
-0.8611017372868849,-0.40769169973409813,-0.325941151866677
0.325941151866677,0.8611017372868849,0.40769169973409813
0.325941151866677,0.8611017372868849,-0.40769169973409813
0.325941151866677,-0.8611017372868849,0.40769169973409813
0.325941151866677,-0.8611017372868849,-0.40769169973409813
-0.325941151866677,0.8611017372868849,0.40769169973409813
-0.325941151866677,0.8611017372868849,-0.40769169973409813
-0.325941151866677,-0.8611017372868849,0.40769169973409813
-0.325941151866677,-0.8611017372868849,-0.40769169973409813
0.5272572908076583,0.0,0.8531202173429785
0.5272572908076583,0.0,-0.8531202173429785
-0.5272572908076583,0.0,0.8531202173429785
-0.5272572908076583,0.0,-0.8531202173429785
0.8531202173429785,0.5272572908076583,0.0
0.8531202173429785,-0.5272572908076583,0.0
-0.8531202173429785,0.5272572908076583,0.0
-0.8531202173429785,-0.5272572908076583,0.0
0.0,0.8531202173429785,0.5272572908076583
0.0,0.8531202173429785,-0.5272572908076583
0.0,-0.8531202173429785,0.5272572908076583
0.0,-0.8531202173429785,-0.5272572908076583
0.0,0.5741166628012812,0.8275276797749214
0.0,0.5741166628012812,-0.8275276797749214
0.0,-0.5741166628012812,0.8275276797749214
0.0,-0.5741166628012812,-0.8275276797749214
0.8275276797749214,0.0,0.5741166628012812
0.8275276797749214,0.0,-0.5741166628012812
-0.8275276797749214,0.0,0.5741166628012812
-0.8275276797749214,0.0,-0.5741166628012812
0.5741166628012812,0.8275276797749214,0.0
0.5741166628012812,-0.8275276797749214,0.0
-0.5741166628012812,0.8275276797749214,0.0
-0.5741166628012812,-0.8275276797749214,0.0
0.5681787358585708,0.17469716976863062,0.811363717648692
0.5681787358585708,0.17469716976863062,-0.811363717648692
0.5681787358585708,-0.17469716976863062,0.811363717648692
0.5681787358585708,-0.17469716976863062,-0.811363717648692
-0.5681787358585708,0.17469716976863062,0.811363717648692
-0.5681787358585708,0.17469716976863062,-0.811363717648692
-0.5681787358585708,-0.17469716976863062,0.811363717648692
-0.5681787358585708,-0.17469716976863062,-0.811363717648692
0.811363717648692,0.5681787358585708,0.17469716976863062
0.811363717648692,0.5681787358585708,-0.17469716976863062
0.811363717648692,-0.5681787358585708,0.17469716976863062
0.811363717648692,-0.5681787358585708,-0.17469716976863062
-0.811363717648692,0.5681787358585708,0.17469716976863062
-0.811363717648692,0.5681787358585708,-0.17469716976863062
-0.811363717648692,-0.5681787358585708,0.17469716976863062
-0.811363717648692,-0.5681787358585708,-0.17469716976863062
0.17469716976863062,0.811363717648692,0.5681787358585708
0.17469716976863062,0.811363717648692,-0.5681787358585708
0.17469716976863062,-0.811363717648692,0.5681787358585708
0.17469716976863062,-0.811363717648692,-0.5681787358585708
-0.17469716976863062,0.811363717648692,0.5681787358585708
-0.17469716976863062,0.811363717648692,-0.5681787358585708
-0.17469716976863062,-0.811363717648692,0.5681787358585708
-0.17469716976863062,-0.811363717648692,-0.5681787358585708
0.40766409542783166,0.5376798397105562,0.7480497330326195
0.40766409542783166,0.5376798397105562,-0.7480497330326195
0.40766409542783166,-0.5376798397105562,0.7480497330326195
0.40766409542783166,-0.5376798397105562,-0.7480497330326195
-0.40766409542783166,0.5376798397105562,0.7480497330326195
-0.40766409542783166,0.5376798397105562,-0.7480497330326195
-0.40766409542783166,-0.5376798397105562,0.7480497330326195
-0.40766409542783166,-0.5376798397105562,-0.7480497330326195
0.7480497330326195,0.40766409542783166,0.5376798397105562
0.7480497330326195,0.40766409542783166,-0.5376798397105562
0.7480497330326195,-0.40766409542783166,0.5376798397105562
0.7480497330326195,-0.40766409542783166,-0.5376798397105562
-0.7480497330326195,0.40766409542783166,0.5376798397105562
-0.7480497330326195,0.40766409542783166,-0.5376798397105562
-0.7480497330326195,-0.40766409542783166,0.5376798397105562
-0.7480497330326195,-0.40766409542783166,-0.5376798397105562
0.5376798397105562,0.7480497330326195,0.40766409542783166
0.5376798397105562,0.7480497330326195,-0.40766409542783166
0.5376798397105562,-0.7480497330326195,0.40766409542783166
0.5376798397105562,-0.7480497330326195,-0.40766409542783166
-0.5376798397105562,0.7480497330326195,0.40766409542783166
-0.5376798397105562,0.7480497330326195,-0.40766409542783166
-0.5376798397105562,-0.7480497330326195,0.40766409542783166
-0.5376798397105562,-0.7480497330326195,-0.40766409542783166
0.6761475245139952,0.0,0.7446353365354856
0.6761475245139952,0.0,-0.7446353365354856
-0.6761475245139952,0.0,0.7446353365354856
-0.6761475245139952,0.0,-0.7446353365354856
0.7446353365354856,0.6761475245139952,0.0
0.7446353365354856,-0.6761475245139952,0.0
-0.7446353365354856,0.6761475245139952,0.0
-0.7446353365354856,-0.6761475245139952,0.0
0.0,0.7446353365354856,0.6761475245139952
0.0,0.7446353365354856,-0.6761475245139952
0.0,-0.7446353365354856,0.6761475245139952
0.0,-0.7446353365354856,-0.6761475245139952
0.2014427101858976,0.6596590271009872,0.7336328516007751
0.2014427101858976,0.6596590271009872,-0.7336328516007751
0.2014427101858976,-0.6596590271009872,0.7336328516007751
0.2014427101858976,-0.6596590271009872,-0.7336328516007751
-0.2014427101858976,0.6596590271009872,0.7336328516007751
-0.2014427101858976,0.6596590271009872,-0.7336328516007751
-0.2014427101858976,-0.6596590271009872,0.7336328516007751
-0.2014427101858976,-0.6596590271009872,-0.7336328516007751
0.7336328516007751,0.2014427101858976,0.6596590271009872
0.7336328516007751,0.2014427101858976,-0.6596590271009872
0.7336328516007751,-0.2014427101858976,0.6596590271009872
0.7336328516007751,-0.2014427101858976,-0.6596590271009872
-0.7336328516007751,0.2014427101858976,0.6596590271009872
-0.7336328516007751,0.2014427101858976,-0.6596590271009872
-0.7336328516007751,-0.2014427101858976,0.6596590271009872
-0.7336328516007751,-0.2014427101858976,-0.6596590271009872
0.6596590271009872,0.7336328516007751,0.2014427101858976
0.6596590271009872,0.7336328516007751,-0.2014427101858976
0.6596590271009872,-0.7336328516007751,0.2014427101858976
0.6596590271009872,-0.7336328516007751,-0.2014427101858976
-0.6596590271009872,0.7336328516007751,0.2014427101858976
-0.6596590271009872,0.7336328516007751,-0.2014427101858976
-0.6596590271009872,-0.7336328516007751,0.2014427101858976
-0.6596590271009872,-0.7336328516007751,-0.2014427101858976
0.5911756454468877,0.3824256248529403,0.7201902533261878
0.5911756454468877,0.3824256248529403,-0.7201902533261878
0.5911756454468877,-0.3824256248529403,0.7201902533261878
0.5911756454468877,-0.3824256248529403,-0.7201902533261878
-0.5911756454468877,0.3824256248529403,0.7201902533261878
-0.5911756454468877,0.3824256248529403,-0.7201902533261878
-0.5911756454468877,-0.3824256248529403,0.7201902533261878
-0.5911756454468877,-0.3824256248529403,-0.7201902533261878
0.7201902533261878,0.5911756454468877,0.3824256248529403
0.7201902533261878,0.5911756454468877,-0.3824256248529403
0.7201902533261878,-0.5911756454468877,0.3824256248529403
0.7201902533261878,-0.5911756454468877,-0.3824256248529403
-0.7201902533261878,0.5911756454468877,0.3824256248529403
-0.7201902533261878,0.5911756454468877,-0.3824256248529403
-0.7201902533261878,-0.5911756454468877,0.3824256248529403
-0.7201902533261878,-0.5911756454468877,-0.3824256248529403
0.3824256248529403,0.7201902533261878,0.5911756454468877
0.3824256248529403,0.7201902533261878,-0.5911756454468877
0.3824256248529403,-0.7201902533261878,0.5911756454468877
0.3824256248529403,-0.7201902533261878,-0.5911756454468877
-0.3824256248529403,0.7201902533261878,0.5911756454468877
-0.3824256248529403,0.7201902533261878,-0.5911756454468877
-0.3824256248529403,-0.7201902533261878,0.5911756454468877
-0.3824256248529403,-0.7201902533261878,-0.5911756454468877
0.5816874749063304,0.5816874749063304,0.5816874749063304
0.5816874749063304,0.5816874749063304,-0.5816874749063304
0.5816874749063304,-0.5816874749063304,0.5816874749063304
0.5816874749063304,-0.5816874749063304,-0.5816874749063304
-0.5816874749063304,0.5816874749063304,0.5816874749063304
-0.5816874749063304,0.5816874749063304,-0.5816874749063304
-0.5816874749063304,-0.5816874749063304,0.5816874749063304
-0.5816874749063304,-0.5816874749063304,-0.5816874749063304
132,60
60,62
62,132
62,158
158,132
158,204
204,132
204,156
156,132
156,60
133,61
61,157
157,133
157,205
205,133
205,159
159,133
159,63
63,133
63,61
134,64
64,160
160,134
160,206
206,134
206,162
162,134
162,66
66,134
66,64
135,65
65,67
67,135
67,163
163,135
163,207
207,135
207,161
161,135
161,65
136,68
68,69
69,136
69,165
165,136
165,208
208,136
208,164
164,136
164,68
137,70
70,166
166,137
166,209
209,137
209,167
167,137
167,71
71,137
71,70
138,72
72,168
168,138
168,210
210,138
210,169
169,138
169,73
73,138
73,72
139,74
74,75
75,139
75,171
171,139
171,211
211,139
211,170
170,139
170,74
140,76
76,80
80,140
80,176
176,140
176,212
212,140
212,172
172,140
172,76
141,77
77,173
173,141
173,213
213,141
213,177
177,141
177,81
81,141
81,77
142,78
78,174
174,142
174,214
214,142
214,178
178,142
178,82
82,142
82,78
143,79
79,83
83,143
83,179
179,143
179,215
215,143
215,175
175,143
175,79
48,0
0,24
24,48
24,84
84,48
84,144
144,48
144,88
88,48
88,28
28,48
28,0
49,1
1,29
29,49
29,89
89,49
89,145
145,49
145,85
85,49
85,25
25,49
25,1
50,2
2,30
30,50
30,90
90,50
90,146
146,50
146,86
86,50
86,26
26,50
26,2
51,3
3,27
27,51
27,87
87,51
87,147
147,51
147,91
91,51
91,31
31,51
31,3
52,4
4,32
32,52
32,92
92,52
92,148
148,52
148,94
94,52
94,34
34,52
34,4
53,5
5,35
35,53
35,95
95,53
95,149
149,53
149,93
93,53
93,33
33,53
33,5
54,6
6,38
38,54
38,98
98,54
98,150
150,54
150,96
96,54
96,36
36,54
36,6
55,7
7,37
37,55
37,97
97,55
97,151
151,55
151,99
99,55
99,39
39,55
39,7
56,8
8,40
40,56
40,100
100,56
100,152
152,56
152,101
101,56
101,41
41,56
41,8
57,9
9,43
43,57
43,103
103,57
103,153
153,57
153,102
102,57
102,42
42,57
42,9
58,10
10,45
45,58
45,105
105,58
105,154
154,58
154,104
104,58
104,44
44,58
44,10
59,11
11,46
46,59
46,106
106,59
106,155
155,59
155,107
107,59
107,47
47,59
47,11
264,180
180,240
240,264
240,188
188,264
188,248
248,264
248,196
196,264
196,256
256,264
256,180
265,181
181,257
257,265
257,197
197,265
197,249
249,265
249,189
189,265
189,241
241,265
241,181
266,182
182,258
258,266
258,198
198,266
198,250
250,266
250,190
190,266
190,242
242,266
242,182
267,183
183,243
243,267
243,191
191,267
191,251
251,267
251,199
199,267
199,259
259,267
259,183
268,184
184,260
260,268
260,200
200,268
200,252
252,268
252,192
192,268
192,244
244,268
244,184
269,185
185,245
245,269
245,193
193,269
193,253
253,269
253,201
201,269
201,261
261,269
261,185
270,186
186,246
246,270
246,194
194,270
194,254
254,270
254,202
202,270
202,262
262,270
262,186
271,187
187,263
263,271
263,203
203,271
203,255
255,271
255,195
195,271
195,247
247,271
247,187
12,62
60,12
13,61
63,13
14,64
66,14
15,67
65,15
16,69
68,16
17,70
71,17
18,72
73,18
19,75
74,19
20,80
76,20
21,77
81,21
22,78
82,22
23,83
79,23
108,60
156,108
109,157
61,109
110,158
62,110
111,63
159,111
112,160
64,112
113,65
161,113
114,66
162,114
115,163
67,115
116,68
164,116
117,165
69,117
118,166
70,118
119,71
167,119
120,168
72,120
121,73
169,121
122,74
170,122
123,171
75,123
124,76
172,124
125,173
77,125
126,174
78,126
127,79
175,127
128,176
80,128
129,81
177,129
130,82
178,130
131,179
83,131
216,172
212,216
217,213
173,217
218,214
174,218
219,175
215,219
220,212
176,220
221,177
213,221
222,178
214,222
223,215
179,223
224,156
204,224
225,205
157,225
226,204
158,226
227,159
205,227
228,206
160,228
229,161
207,229
230,162
206,230
231,207
163,231
232,164
208,232
233,208
165,233
234,209
166,234
235,167
209,235
236,210
168,236
237,169
210,237
238,170
211,238
239,211
171,239
12,0
0,2
2,12
13,3
3,1
1,13
14,2
0,14
15,1
3,15
16,4
4,5
5,16
17,5
4,17
18,7
7,6
6,18
19,6
7,19
20,8
8,10
10,20
21,10
8,21
22,11
11,9
9,22
23,9
11,23
108,180
180,84
84,108
109,85
85,181
181,109
110,86
86,182
182,110
111,183
183,87
87,111
112,88
88,184
184,112
113,185
185,89
89,113
114,186
186,90
90,114
115,91
91,187
187,115
116,188
188,92
92,116
117,93
93,189
189,117
118,94
94,190
190,118
119,191
191,95
95,119
120,96
96,192
192,120
121,193
193,97
97,121
122,194
194,98
98,122
123,99
99,195
195,123
124,196
196,100
100,124
125,101
101,197
197,125
126,102
102,198
198,126
127,199
199,103
103,127
128,104
104,200
200,128
129,201
201,105
105,129
130,202
202,106
106,130
131,107
107,203
203,131
216,84
180,216
217,181
85,217
218,182
86,218
219,87
183,219
220,184
88,220
221,89
185,221
222,90
186,222
223,187
91,223
224,92
188,224
225,189
93,225
226,190
94,226
227,95
191,227
228,192
96,228
229,97
193,229
230,98
194,230
231,195
99,231
232,100
196,232
233,197
101,233
234,198
102,234
235,103
199,235
236,200
104,236
237,105
201,237
238,106
202,238
239,203
107,239
12,24
28,14
15,29
25,13
14,30
26,12
13,27
31,15
16,32
34,17
17,35
33,16
19,38
36,18
18,37
39,19
20,40
41,21
23,43
42,22
21,45
44,20
22,46
47,23
24,108
216,144
109,25
145,217
110,26
146,218
27,111
219,147
112,28
144,220
29,113
221,145
30,114
222,146
115,31
147,223
32,116
224,148
117,33
149,225
118,34
148,226
35,119
227,149
120,36
150,228
37,121
229,151
38,122
230,150
123,39
151,231
40,124
232,152
125,41
152,233
126,42
153,234
43,127
235,153
128,44
154,236
45,129
237,154
46,130
238,155
131,47
155,239
108,240
256,216
217,257
241,109
218,258
242,110
111,243
259,219
220,260
244,112
113,245
261,221
114,246
262,222
223,263
247,115
116,248
240,224
225,241
249,117
226,242
250,118
119,251
243,227
228,244
252,120
121,253
245,229
122,254
246,230
231,247
255,123
124,256
248,232
233,249
257,125
234,250
258,126
127,259
251,235
236,252
260,128
129,261
253,237
130,262
254,238
239,255
263,131
26,62
60,24
25,61
63,27
28,64
66,30
31,67
65,29
33,69
68,32
34,70
71,35
36,72
73,37
39,75
74,38
44,80
76,40
41,77
81,45
42,78
82,46
47,83
79,43
156,240
241,157
242,158
159,243
244,160
161,245
162,246
247,163
164,248
249,165
250,166
167,251
252,168
169,253
170,254
255,171
172,256
257,173
258,174
175,259
260,176
177,261
178,262
263,179
212,144
145,213
146,214
215,147
204,148
149,205
150,206
207,151
208,152
153,209
154,210
211,155
0,1,2
2,3,4
4,5,6
6,7,8
8,9,0
10,11,12
12,13,14
14,15,16
16,17,18
18,19,10
20,21,22
22,23,24
24,25,26
26,27,28
28,29,20
30,31,32
32,33,34
34,35,36
36,37,38
38,39,30
40,41,42
42,43,44
44,45,46
46,47,48
48,49,40
50,51,52
52,53,54
54,55,56
56,57,58
58,59,50
60,61,62
62,63,64
64,65,66
66,67,68
68,69,60
70,71,72
72,73,74
74,75,76
76,77,78
78,79,70
80,81,82
82,83,84
84,85,86
86,87,88
88,89,80
90,91,92
92,93,94
94,95,96
96,97,98
98,99,90
100,101,102
102,103,104
104,105,106
106,107,108
108,109,100
110,111,112
112,113,114
114,115,116
116,117,118
118,119,110
120,121,122
122,123,124
124,125,126
126,127,128
128,129,130
130,131,120
132,133,134
134,135,136
136,137,138
138,139,140
140,141,142
142,143,132
144,145,146
146,147,148
148,149,150
150,151,152
152,153,154
154,155,144
156,157,158
158,159,160
160,161,162
162,163,164
164,165,166
166,167,156
168,169,170
170,171,172
172,173,174
174,175,176
176,177,178
178,179,168
180,181,182
182,183,184
184,185,186
186,187,188
188,189,190
190,191,180
192,193,194
194,195,196
196,197,198
198,199,200
200,201,202
202,203,192
204,205,206
206,207,208
208,209,210
210,211,212
212,213,214
214,215,204
216,217,218
218,219,220
220,221,222
222,223,224
224,225,226
226,227,216
228,229,230
230,231,232
232,233,234
234,235,236
236,237,238
238,239,228
240,241,242
242,243,244
244,245,246
246,247,248
248,249,250
250,251,240
252,253,254
254,255,256
256,257,258
258,259,260
260,261,262
262,263,252
264,265,266
266,267,268
268,269,270
270,271,272
272,273,274
274,275,264
276,277,278
278,279,280
280,281,282
282,283,284
284,285,286
286,287,276
288,289,290
290,291,292
292,293,294
294,295,296
296,297,298
298,299,288
300,301,302
302,303,304
304,305,306
306,307,308
308,309,310
310,311,300
312,313,314
314,315,316
316,317,318
318,319,320
320,321,322
322,323,312
324,325,326
326,327,328
328,329,330
330,331,332
332,333,334
334,335,324
336,337,338
338,339,340
340,341,342
342,343,344
344,345,346
346,347,336
348,349,350
350,351,352
352,353,354
354,355,356
356,357,358
358,359,348
360,1,361
362,19,363
364,29,365
366,31,367
368,41,369
370,59,371
372,69,373
374,71,375
376,81,377
378,99,379
380,109,381
382,111,383
384,9,385
386,11,387
388,3,389
390,17,391
392,21,393
394,39,395
396,27,397
398,33,399
400,49,401
402,43,403
404,51,405
406,57,407
408,61,409
410,67,411
412,79,413
414,73,415
416,89,417
418,91,419
420,101,421
422,119,423
424,83,425
426,97,427
428,107,429
430,113,431
432,87,433
434,93,435
436,103,437
438,117,439
440,85,441
442,95,443
444,105,445
446,115,447
448,7,449
450,13,451
452,5,453
454,15,455
456,23,457
458,37,459
460,25,461
462,35,463
464,47,465
466,45,467
468,53,469
470,55,471
472,63,473
474,65,475
476,77,477
478,75,479
480,481,482
483,484,485
486,481,487
488,484,489
490,491,492
493,491,494
495,496,497
498,496,499
500,501,502
503,501,504
505,506,507
508,506,509
510,511,512
513,514,515
516,517,518
519,520,521
522,523,524
525,526,527
528,529,530
531,532,533
534,535,536
537,538,539
540,541,542
543,544,545
546,547,548
549,550,551
552,553,554
555,556,557
558,559,560
561,562,563
564,565,566
567,568,569
570,571,572
573,574,575
576,577,578
579,580,581
582,511,583
584,514,585
586,517,587
588,520,589
590,523,591
592,526,593
594,529,595
596,532,597
598,535,599
600,538,601
602,541,603
604,544,605
606,547,607
608,550,609
610,553,611
612,556,613
614,559,615
616,562,617
618,565,619
620,568,621
622,571,623
624,574,625
626,577,627
628,580,629
480,630,121
131,631,487
488,632,133
143,633,485
486,634,145
155,635,482
483,636,157
167,637,489
490,638,169
179,639,494
493,640,181
191,641,492
498,642,193
203,643,497
495,644,205
215,645,499
500,646,217
227,647,504
508,648,229
239,649,507
503,650,241
251,651,502
505,652,253
263,653,509
123,654,512
582,655,125
513,656,141
139,657,585
516,658,153
151,659,587
159,660,521
588,661,161
522,662,129
127,663,591
135,664,527
592,665,137
147,666,530
594,667,149
531,668,165
163,669,597
171,670,536
598,671,173
537,672,189
187,673,601
540,674,177
175,675,603
183,676,545
604,677,185
546,678,201
199,679,607
207,680,551
608,681,209
195,682,554
610,683,197
555,684,213
211,685,613
219,686,560
614,687,221
561,688,225
223,689,617
564,690,237
235,691,619
231,692,569
620,693,233
570,694,249
247,695,623
243,696,575
624,697,245
255,698,578
626,699,257
579,700,261
259,701,629
510,702,265
275,703,583
584,704,277
287,705,515
586,706,289
299,707,518
519,708,301
311,709,589
590,710,313
323,711,524
525,712,325
335,713,593
528,714,337
347,715,595
596,716,349
359,717,533
534,718,269
267,719,599
600,720,285
283,721,539
602,722,297
295,723,542
543,724,305
303,725,605
606,726,321
319,727,548
549,728,329
327,729,609
552,730,341
339,731,611
612,732,357
355,733,557
558,734,273
271,735,615
616,736,281
279,737,563
618,738,293
291,739,566
567,740,309
307,741,621
622,742,317
315,743,572
573,744,333
331,745,625
576,746,345
343,747,627
628,748,353
351,749,581
635,750,360
361,751,630
633,752,362
363,753,636
631,754,364
365,755,634
637,756,366
367,757,632
641,758,368
369,759,638
639,760,370
371,761,640
643,762,372
373,763,644
645,764,374
375,765,642
651,766,376
377,767,646
647,768,378
379,769,650
649,770,380
381,771,652
653,772,382
383,773,648
654,751,384
385,774,702
387,752,656
705,775,386
389,750,658
707,776,388
660,753,390
391,777,708
393,754,662
711,778,392
664,757,394
395,779,712
666,755,396
397,780,714
399,756,668
717,781,398
670,759,400
401,782,718
403,758,672
721,783,402
405,760,674
723,784,404
676,761,406
407,785,724
409,762,678
727,786,408
680,763,410
411,787,728
682,765,412
413,788,730
415,764,684
733,789,414
686,767,416
417,790,734
419,768,688
737,791,418
421,770,690
739,792,420
692,773,422
423,793,740
425,766,694
743,794,424
696,769,426
427,795,744
698,771,428
429,796,746
431,772,700
749,797,430
433,798,655
703,790,432
657,799,434
435,791,704
659,800,436
437,792,706
439,801,661
709,793,438
663,798,440
441,794,710
443,799,665
713,795,442
445,800,667
715,796,444
669,801,446
447,797,716
449,802,671
719,774,448
673,803,450
451,775,720
675,802,452
453,776,722
455,803,677
725,777,454
679,804,456
457,778,726
459,805,681
729,779,458
461,804,683
731,780,460
685,805,462
463,781,732
465,806,687
735,782,464
689,806,466
467,783,736
691,807,468
469,784,738
471,807,693
741,785,470
695,808,472
473,786,742
475,808,697
745,787,474
477,809,699
747,788,476
701,809,478
479,789,748
