872,1740,870
0.07853933861887154,-0.03131625144696011,0.9982320904611445
0.07853933861887154,0.03131625144696011,-0.9982320904611445
-0.07853933861887154,0.03131625144696011,0.9982320904611445
-0.07853933861887154,-0.03131625144696011,-0.9982320904611445
0.9982320904611445,-0.07853933861887154,0.03131625144696011
0.9982320904611445,0.07853933861887154,-0.03131625144696011
-0.9982320904611445,0.07853933861887154,0.03131625144696011
-0.9982320904611445,-0.07853933861887154,-0.03131625144696011
0.03131625144696011,-0.9982320904611445,0.07853933861887154
0.03131625144696011,0.9982320904611445,-0.07853933861887154
-0.03131625144696011,0.9982320904611445,0.07853933861887154
-0.03131625144696011,-0.9982320904611445,-0.07853933861887154
0.03095152265751472,0.07762462001192653,0.9982320904611445
0.03095152265751472,-0.07762462001192653,-0.9982320904611445
-0.03095152265751472,-0.07762462001192653,0.9982320904611445
-0.03095152265751472,0.07762462001192653,-0.9982320904611445
0.9982320904611445,0.03095152265751472,0.07762462001192653
0.9982320904611445,-0.03095152265751472,-0.07762462001192653
-0.9982320904611445,-0.03095152265751472,0.07762462001192653
-0.9982320904611445,0.03095152265751472,-0.07762462001192653
0.07762462001192653,0.9982320904611445,0.03095152265751472
0.07762462001192653,-0.9982320904611445,-0.03095152265751472
-0.07762462001192653,-0.9982320904611445,0.03095152265751472
-0.07762462001192653,0.9982320904611445,-0.03095152265751472
0.014368530933966006,-0.18018366861501442,0.9850180011045403
0.014368530933966006,0.18018366861501442,-0.9850180011045403
-0.014368530933966006,0.18018366861501442,0.9850180011045403
-0.014368530933966006,-0.18018366861501442,-0.9850180011045403
0.9850180011045403,-0.014368530933966006,0.18018366861501442
0.9850180011045403,0.014368530933966006,-0.18018366861501442
-0.9850180011045403,0.014368530933966006,0.18018366861501442
-0.9850180011045403,-0.014368530933966006,-0.18018366861501442
0.18018366861501442,-0.9850180011045403,0.014368530933966006
0.18018366861501442,0.9850180011045403,-0.014368530933966006
-0.18018366861501442,0.9850180011045403,0.014368530933966006
-0.18018366861501442,-0.9850180011045403,-0.014368530933966006
0.12007986561941059,-0.14148421025912072,0.9843655419671299
0.12007986561941059,0.14148421025912072,-0.9843655419671299
-0.12007986561941059,0.14148421025912072,0.9843655419671299
-0.12007986561941059,-0.14148421025912072,-0.9843655419671299
0.9843655419671299,-0.12007986561941059,0.14148421025912072
0.9843655419671299,0.12007986561941059,-0.14148421025912072
-0.9843655419671299,0.12007986561941059,0.14148421025912072
-0.9843655419671299,-0.12007986561941059,-0.14148421025912072
0.14148421025912072,-0.9843655419671299,0.12007986561941059
0.14148421025912072,0.9843655419671299,-0.12007986561941059
-0.14148421025912072,0.9843655419671299,0.12007986561941059
-0.14148421025912072,-0.9843655419671299,-0.12007986561941059
0.13724547624640168,0.12821414527413144,0.9840245398742014
0.13724547624640168,-0.12821414527413144,-0.9840245398742014
-0.13724547624640168,-0.12821414527413144,0.9840245398742014
-0.13724547624640168,0.12821414527413144,-0.9840245398742014
0.9840245398742014,0.13724547624640168,0.12821414527413144
0.9840245398742014,-0.13724547624640168,-0.12821414527413144
-0.9840245398742014,-0.13724547624640168,0.12821414527413144
-0.9840245398742014,0.13724547624640168,-0.12821414527413144
0.12821414527413144,0.9840245398742014,0.13724547624640168
0.12821414527413144,-0.9840245398742014,-0.13724547624640168
-0.12821414527413144,-0.9840245398742014,0.13724547624640168
-0.12821414527413144,0.9840245398742014,-0.13724547624640168
0.19197444660034962,0.017053415094098592,0.9833416229334266
0.19197444660034962,-0.017053415094098592,-0.9833416229334266
-0.19197444660034962,-0.017053415094098592,0.9833416229334266
-0.19197444660034962,0.017053415094098592,-0.9833416229334266
0.9833416229334266,0.19197444660034962,0.017053415094098592
0.9833416229334266,-0.19197444660034962,-0.017053415094098592
-0.9833416229334266,-0.19197444660034962,0.017053415094098592
-0.9833416229334266,0.19197444660034962,-0.017053415094098592
0.017053415094098592,0.9833416229334266,0.19197444660034962
0.017053415094098592,-0.9833416229334266,-0.19197444660034962
-0.017053415094098592,-0.9833416229334266,0.19197444660034962
-0.017053415094098592,0.9833416229334266,-0.19197444660034962
0.08174124209156576,0.22566034901880475,0.9722129620028325
0.08174124209156576,-0.22566034901880475,-0.9722129620028325
-0.08174124209156576,-0.22566034901880475,0.9722129620028325
-0.08174124209156576,0.22566034901880475,-0.9722129620028325
0.9722129620028325,0.08174124209156576,0.22566034901880475
0.9722129620028325,-0.08174124209156576,-0.22566034901880475
-0.9722129620028325,-0.08174124209156576,0.22566034901880475
-0.9722129620028325,0.08174124209156576,-0.22566034901880475
0.22566034901880475,0.9722129620028325,0.08174124209156576
0.22566034901880475,-0.9722129620028325,-0.08174124209156576
-0.22566034901880475,-0.9722129620028325,0.08174124209156576
-0.22566034901880475,0.9722129620028325,-0.08174124209156576
0.2362631779482823,-0.10320649727226928,0.9683732508561832
0.2362631779482823,0.10320649727226928,-0.9683732508561832
-0.2362631779482823,0.10320649727226928,0.9683732508561832
-0.2362631779482823,-0.10320649727226928,-0.9683732508561832
0.9683732508561832,-0.2362631779482823,0.10320649727226928
0.9683732508561832,0.2362631779482823,-0.10320649727226928
-0.9683732508561832,0.2362631779482823,0.10320649727226928
-0.9683732508561832,-0.2362631779482823,-0.10320649727226928
0.10320649727226928,-0.9683732508561832,0.2362631779482823
0.10320649727226928,0.9683732508561832,-0.2362631779482823
-0.10320649727226928,0.9683732508561832,0.2362631779482823
-0.10320649727226928,-0.9683732508561832,-0.2362631779482823
0.04933762546730181,-0.2720101267557331,0.9621639502850228
0.04933762546730181,0.2720101267557331,-0.9621639502850228
-0.04933762546730181,0.2720101267557331,0.9621639502850228
-0.04933762546730181,-0.2720101267557331,-0.9621639502850228
0.9621639502850228,-0.04933762546730181,0.2720101267557331
0.9621639502850228,0.04933762546730181,-0.2720101267557331
-0.9621639502850228,0.04933762546730181,0.2720101267557331
-0.9621639502850228,-0.04933762546730181,-0.2720101267557331
0.2720101267557331,-0.9621639502850228,0.04933762546730181
0.2720101267557331,0.9621639502850228,-0.04933762546730181
-0.2720101267557331,0.9621639502850228,0.04933762546730181
-0.2720101267557331,-0.9621639502850228,-0.04933762546730181
0.14825652882198598,-0.2483725865142647,0.9588325175082503
0.14825652882198598,0.2483725865142647,-0.9588325175082503
-0.14825652882198598,0.2483725865142647,0.9588325175082503
-0.14825652882198598,-0.2483725865142647,-0.9588325175082503
0.9588325175082503,-0.14825652882198598,0.2483725865142647
0.9588325175082503,0.14825652882198598,-0.2483725865142647
-0.9588325175082503,0.14825652882198598,0.2483725865142647
-0.9588325175082503,-0.14825652882198598,-0.2483725865142647
0.2483725865142647,-0.9588325175082503,0.14825652882198598
0.2483725865142647,0.9588325175082503,-0.14825652882198598
-0.2483725865142647,0.9588325175082503,0.14825652882198598
-0.2483725865142647,-0.9588325175082503,-0.14825652882198598
0.23965918628984575,0.18859979357607218,0.9544232925157441
0.23965918628984575,-0.18859979357607218,-0.9544232925157441
-0.23965918628984575,-0.18859979357607218,0.9544232925157441
-0.23965918628984575,0.18859979357607218,-0.9544232925157441
0.9544232925157441,0.23965918628984575,0.18859979357607218
0.9544232925157441,-0.23965918628984575,-0.18859979357607218
-0.9544232925157441,-0.23965918628984575,0.18859979357607218
-0.9544232925157441,0.23965918628984575,-0.18859979357607218
0.18859979357607218,0.9544232925157441,0.23965918628984575
0.18859979357607218,-0.9544232925157441,-0.23965918628984575
-0.18859979357607218,-0.9544232925157441,0.23965918628984575
-0.18859979357607218,0.9544232925157441,-0.23965918628984575
0.032923317866950914,0.3053468817331995,0.9526224383047832
0.032923317866950914,-0.3053468817331995,-0.9526224383047832
-0.032923317866950914,-0.3053468817331995,0.9526224383047832
-0.032923317866950914,0.3053468817331995,-0.9526224383047832
0.9526224383047832,0.032923317866950914,0.3053468817331995
0.9526224383047832,-0.032923317866950914,-0.3053468817331995
-0.9526224383047832,-0.032923317866950914,0.3053468817331995
-0.9526224383047832,0.032923317866950914,-0.3053468817331995
0.3053468817331995,0.9526224383047832,0.032923317866950914
0.3053468817331995,-0.9526224383047832,-0.032923317866950914
-0.3053468817331995,-0.9526224383047832,0.032923317866950914
-0.3053468817331995,0.9526224383047832,-0.032923317866950914
0.3096815600559731,0.07473088204013534,0.9505573902343777
0.3096815600559731,-0.07473088204013534,-0.9505573902343777
-0.3096815600559731,-0.07473088204013534,0.9505573902343777
-0.3096815600559731,0.07473088204013534,-0.9505573902343777
0.9505573902343777,0.3096815600559731,0.07473088204013534
0.9505573902343777,-0.3096815600559731,-0.07473088204013534
-0.9505573902343777,-0.3096815600559731,0.07473088204013534
-0.9505573902343777,0.3096815600559731,-0.07473088204013534
0.07473088204013534,0.9505573902343777,0.3096815600559731
0.07473088204013534,-0.9505573902343777,-0.3096815600559731
-0.07473088204013534,-0.9505573902343777,0.3096815600559731
-0.07473088204013534,0.9505573902343777,-0.3096815600559731
0.16948616365345462,0.2827228572403296,0.945711881613654
0.16948616365345462,-0.2827228572403296,-0.945711881613654
-0.16948616365345462,-0.2827228572403296,0.945711881613654
-0.16948616365345462,0.2827228572403296,-0.945711881613654
0.945711881613654,0.16948616365345462,0.2827228572403296
0.945711881613654,-0.16948616365345462,-0.2827228572403296
-0.945711881613654,-0.16948616365345462,0.2827228572403296
-0.945711881613654,0.16948616365345462,-0.2827228572403296
0.2827228572403296,0.945711881613654,0.16948616365345462
0.2827228572403296,-0.945711881613654,-0.16948616365345462
-0.2827228572403296,-0.945711881613654,0.16948616365345462
-0.2827228572403296,0.945711881613654,-0.16948616365345462
0.26218217222092993,-0.2250427503407021,0.9405033216821984
0.26218217222092993,0.2250427503407021,-0.9405033216821984
-0.26218217222092993,0.2250427503407021,0.9405033216821984
-0.26218217222092993,-0.2250427503407021,-0.9405033216821984
0.9405033216821984,-0.26218217222092993,0.2250427503407021
0.9405033216821984,0.26218217222092993,-0.2250427503407021
-0.9405033216821984,0.26218217222092993,0.2250427503407021
-0.9405033216821984,-0.26218217222092993,-0.2250427503407021
0.2250427503407021,-0.9405033216821984,0.26218217222092993
0.2250427503407021,0.9405033216821984,-0.26218217222092993
-0.2250427503407021,0.9405033216821984,0.26218217222092993
-0.2250427503407021,-0.9405033216821984,-0.26218217222092993
0.0,0.35690292177497573,0.9343839798910314
0.0,0.35690292177497573,-0.9343839798910314
0.0,-0.35690292177497573,0.9343839798910314
0.0,-0.35690292177497573,-0.9343839798910314
0.9343839798910314,0.0,0.35690292177497573
0.9343839798910314,0.0,-0.35690292177497573
-0.9343839798910314,0.0,0.35690292177497573
-0.9343839798910314,0.0,-0.35690292177497573
0.35690292177497573,0.9343839798910314,0.0
0.35690292177497573,-0.9343839798910314,0.0
-0.35690292177497573,0.9343839798910314,0.0
-0.35690292177497573,-0.9343839798910314,0.0
0.06380736509099774,-0.35531831985186413,0.9335350474101654
0.06380736509099774,0.35531831985186413,-0.9335350474101654
-0.06380736509099774,0.35531831985186413,0.9335350474101654
-0.06380736509099774,-0.35531831985186413,-0.9335350474101654
0.9335350474101654,-0.06380736509099774,0.35531831985186413
0.9335350474101654,0.06380736509099774,-0.35531831985186413
-0.9335350474101654,0.06380736509099774,0.35531831985186413
-0.9335350474101654,-0.06380736509099774,-0.35531831985186413
0.35531831985186413,-0.9335350474101654,0.06380736509099774
0.35531831985186413,0.9335350474101654,-0.06380736509099774
-0.35531831985186413,0.9335350474101654,0.06380736509099774
-0.35531831985186413,-0.9335350474101654,-0.06380736509099774
0.36506600998780725,-0.05989038929075698,0.9321314045321946
0.36506600998780725,0.05989038929075698,-0.9321314045321946
-0.36506600998780725,0.05989038929075698,0.9321314045321946
-0.36506600998780725,-0.05989038929075698,-0.9321314045321946
0.9321314045321946,-0.36506600998780725,0.05989038929075698
0.9321314045321946,0.36506600998780725,-0.05989038929075698
-0.9321314045321946,0.36506600998780725,0.05989038929075698
-0.9321314045321946,-0.36506600998780725,-0.05989038929075698
0.05989038929075698,-0.9321314045321946,0.36506600998780725
0.05989038929075698,0.9321314045321946,-0.36506600998780725
-0.05989038929075698,0.9321314045321946,0.36506600998780725
-0.05989038929075698,-0.9321314045321946,-0.36506600998780725
0.10193300955918333,0.3571112458677529,0.9296582152648845
0.10193300955918333,-0.3571112458677529,-0.9296582152648845
-0.10193300955918333,-0.3571112458677529,0.9296582152648845
-0.10193300955918333,0.3571112458677529,-0.9296582152648845
0.9296582152648845,0.10193300955918333,0.3571112458677529
0.9296582152648845,-0.10193300955918333,-0.3571112458677529
-0.9296582152648845,-0.10193300955918333,0.3571112458677529
-0.9296582152648845,0.10193300955918333,-0.3571112458677529
0.3571112458677529,0.9296582152648845,0.10193300955918333
0.3571112458677529,-0.9296582152648845,-0.10193300955918333
-0.3571112458677529,-0.9296582152648845,0.10193300955918333
-0.3571112458677529,0.9296582152648845,-0.10193300955918333
0.1587378911434681,-0.3502435442046301,0.9246264158689094
0.1587378911434681,0.3502435442046301,-0.9246264158689094
-0.1587378911434681,0.3502435442046301,0.9246264158689094
-0.1587378911434681,-0.3502435442046301,-0.9246264158689094
0.9246264158689094,-0.1587378911434681,0.3502435442046301
0.9246264158689094,0.1587378911434681,-0.3502435442046301
-0.9246264158689094,0.1587378911434681,0.3502435442046301
-0.9246264158689094,-0.1587378911434681,-0.3502435442046301
0.3502435442046301,-0.9246264158689094,0.1587378911434681
0.3502435442046301,0.9246264158689094,-0.1587378911434681
-0.3502435442046301,0.9246264158689094,0.1587378911434681
-0.3502435442046301,-0.9246264158689094,-0.1587378911434681
0.03088404722404683,0.40858936718300737,0.9131873179459731
0.03088404722404683,-0.40858936718300737,-0.9131873179459731
-0.03088404722404683,-0.40858936718300737,0.9131873179459731
-0.03088404722404683,0.40858936718300737,-0.9131873179459731
0.9131873179459731,0.03088404722404683,0.40858936718300737
0.9131873179459731,-0.03088404722404683,-0.40858936718300737
-0.9131873179459731,-0.03088404722404683,0.40858936718300737
-0.9131873179459731,0.03088404722404683,-0.40858936718300737
0.40858936718300737,0.9131873179459731,0.03088404722404683
0.40858936718300737,-0.9131873179459731,-0.03088404722404683
-0.40858936718300737,-0.9131873179459731,0.03088404722404683
-0.40858936718300737,0.9131873179459731,-0.03088404722404683
0.3338795701636384,0.261153137735856,0.9080430026079526
0.3338795701636384,-0.261153137735856,-0.9080430026079526
-0.3338795701636384,-0.261153137735856,0.9080430026079526
-0.3338795701636384,0.261153137735856,-0.9080430026079526
0.9080430026079526,0.3338795701636384,0.261153137735856
0.9080430026079526,-0.3338795701636384,-0.261153137735856
-0.9080430026079526,-0.3338795701636384,0.261153137735856
-0.9080430026079526,0.3338795701636384,-0.261153137735856
0.261153137735856,0.9080430026079526,0.3338795701636384
0.261153137735856,-0.9080430026079526,-0.3338795701636384
-0.261153137735856,-0.9080430026079526,0.3338795701636384
-0.261153137735856,0.9080430026079526,-0.3338795701636384
0.24976248341930699,0.3513150936094152,0.9042172764167318
0.24976248341930699,-0.3513150936094152,-0.9042172764167318
-0.24976248341930699,-0.3513150936094152,0.9042172764167318
-0.24976248341930699,0.3513150936094152,-0.9042172764167318
0.9042172764167318,0.24976248341930699,0.3513150936094152
0.9042172764167318,-0.24976248341930699,-0.3513150936094152
-0.9042172764167318,-0.24976248341930699,0.3513150936094152
-0.9042172764167318,0.24976248341930699,-0.3513150936094152
0.3513150936094152,0.9042172764167318,0.24976248341930699
0.3513150936094152,-0.9042172764167318,-0.24976248341930699
-0.3513150936094152,-0.9042172764167318,0.24976248341930699
-0.3513150936094152,0.9042172764167318,-0.24976248341930699
0.26897562138028647,-0.3413579974437136,0.9026108328385041
0.26897562138028647,0.3413579974437136,-0.9026108328385041
-0.26897562138028647,0.3413579974437136,0.9026108328385041
-0.26897562138028647,-0.3413579974437136,-0.9026108328385041
0.9026108328385041,-0.26897562138028647,0.3413579974437136
0.9026108328385041,0.26897562138028647,-0.3413579974437136
-0.9026108328385041,0.26897562138028647,0.3413579974437136
-0.9026108328385041,-0.26897562138028647,-0.3413579974437136
0.3413579974437136,-0.9026108328385041,0.26897562138028647
0.3413579974437136,0.9026108328385041,-0.26897562138028647
-0.3413579974437136,0.9026108328385041,0.26897562138028647
-0.3413579974437136,-0.9026108328385041,-0.26897562138028647
0.3881206141640089,-0.20164793763232935,0.9020793887502195
0.3881206141640089,0.20164793763232935,-0.9020793887502195
-0.3881206141640089,0.20164793763232935,0.9020793887502195
-0.3881206141640089,-0.20164793763232935,-0.9020793887502195
0.9020793887502195,-0.3881206141640089,0.20164793763232935
0.9020793887502195,0.3881206141640089,-0.20164793763232935
-0.9020793887502195,0.3881206141640089,0.20164793763232935
-0.9020793887502195,-0.3881206141640089,-0.20164793763232935
0.20164793763232935,-0.9020793887502195,0.3881206141640089
0.20164793763232935,0.9020793887502195,-0.3881206141640089
-0.20164793763232935,0.9020793887502195,0.3881206141640089
-0.20164793763232935,-0.9020793887502195,-0.3881206141640089
0.05259538409188152,-0.43694120079805965,0.8991658858018796
0.05259538409188152,0.43694120079805965,-0.8991658858018796
-0.05259538409188152,0.43694120079805965,0.8991658858018796
-0.05259538409188152,-0.43694120079805965,-0.8991658858018796
0.8991658858018796,-0.05259538409188152,0.43694120079805965
0.8991658858018796,0.05259538409188152,-0.43694120079805965
-0.8991658858018796,0.05259538409188152,0.43694120079805965
-0.8991658858018796,-0.05259538409188152,-0.43694120079805965
0.43694120079805965,-0.8991658858018796,0.05259538409188152
0.43694120079805965,0.8991658858018796,-0.05259538409188152
-0.43694120079805965,0.8991658858018796,0.05259538409188152
-0.43694120079805965,-0.8991658858018796,-0.05259538409188152
0.4221251072489869,0.15221394802673163,0.8968669430573994
0.4221251072489869,-0.15221394802673163,-0.8968669430573994
-0.4221251072489869,-0.15221394802673163,0.8968669430573994
-0.4221251072489869,0.15221394802673163,-0.8968669430573994
0.8968669430573994,0.4221251072489869,0.15221394802673163
0.8968669430573994,-0.4221251072489869,-0.15221394802673163
-0.8968669430573994,-0.4221251072489869,0.15221394802673163
-0.8968669430573994,0.4221251072489869,-0.15221394802673163
0.15221394802673163,0.8968669430573994,0.4221251072489869
0.15221394802673163,-0.8968669430573994,-0.4221251072489869
-0.15221394802673163,-0.8968669430573994,0.4221251072489869
-0.15221394802673163,0.8968669430573994,-0.4221251072489869
0.1657999175551562,0.42520479913162623,0.8914282572091187
0.1657999175551562,-0.42520479913162623,-0.8914282572091187
-0.1657999175551562,-0.42520479913162623,0.8914282572091187
-0.1657999175551562,0.42520479913162623,-0.8914282572091187
0.8914282572091187,0.1657999175551562,0.42520479913162623
0.8914282572091187,-0.1657999175551562,-0.42520479913162623
-0.8914282572091187,-0.1657999175551562,0.42520479913162623
-0.8914282572091187,0.1657999175551562,-0.42520479913162623
0.42520479913162623,0.8914282572091187,0.1657999175551562
0.42520479913162623,-0.8914282572091187,-0.1657999175551562
-0.42520479913162623,-0.8914282572091187,0.1657999175551562
-0.42520479913162623,0.8914282572091187,-0.1657999175551562
0.15143138662119018,-0.4484535705511875,0.8825480167235235
0.15143138662119018,0.4484535705511875,-0.8825480167235235
-0.15143138662119018,0.4484535705511875,0.8825480167235235
-0.15143138662119018,-0.4484535705511875,-0.8825480167235235
0.8825480167235235,-0.15143138662119018,0.4484535705511875
0.8825480167235235,0.15143138662119018,-0.4484535705511875
-0.8825480167235235,0.15143138662119018,0.4484535705511875
-0.8825480167235235,-0.15143138662119018,-0.4484535705511875
0.4484535705511875,-0.8825480167235235,0.15143138662119018
0.4484535705511875,0.8825480167235235,-0.15143138662119018
-0.4484535705511875,0.8825480167235235,0.15143138662119018
-0.4484535705511875,-0.8825480167235235,-0.15143138662119018
0.07699664905190233,0.482503652191417,0.8741075499736882
0.07699664905190233,-0.482503652191417,-0.8741075499736882
-0.07699664905190233,-0.482503652191417,0.8741075499736882
-0.07699664905190233,0.482503652191417,-0.8741075499736882
0.8741075499736882,0.07699664905190233,0.482503652191417
0.8741075499736882,-0.07699664905190233,-0.482503652191417
-0.8741075499736882,-0.07699664905190233,0.482503652191417
-0.8741075499736882,0.07699664905190233,-0.482503652191417
0.482503652191417,0.8741075499736882,0.07699664905190233
0.482503652191417,-0.8741075499736882,-0.07699664905190233
-0.482503652191417,-0.8741075499736882,0.07699664905190233
-0.482503652191417,0.8741075499736882,-0.07699664905190233
0.3860599934395892,-0.3310904266050979,0.8633901582616669
0.3860599934395892,0.3310904266050979,-0.8633901582616669
-0.3860599934395892,0.3310904266050979,0.8633901582616669
-0.3860599934395892,-0.3310904266050979,-0.8633901582616669
0.8633901582616669,-0.3860599934395892,0.3310904266050979
0.8633901582616669,0.3860599934395892,-0.3310904266050979
-0.8633901582616669,0.3860599934395892,0.3310904266050979
-0.8633901582616669,-0.3860599934395892,-0.3310904266050979
0.3310904266050979,-0.8633901582616669,0.3860599934395892
0.3310904266050979,0.8633901582616669,-0.3860599934395892
-0.3310904266050979,0.8633901582616669,0.3860599934395892
-0.3310904266050979,-0.8633901582616669,-0.3860599934395892
0.529183278400041,0.0,0.8562365307293645
0.529183278400041,0.0,-0.8562365307293645
-0.529183278400041,0.0,0.8562365307293645
-0.529183278400041,0.0,-0.8562365307293645
0.8562365307293645,0.529183278400041,0.0
0.8562365307293645,-0.529183278400041,0.0
-0.8562365307293645,0.529183278400041,0.0
-0.8562365307293645,-0.529183278400041,0.0
0.0,0.8562365307293645,0.529183278400041
0.0,0.8562365307293645,-0.529183278400041
0.0,-0.8562365307293645,0.529183278400041
0.0,-0.8562365307293645,-0.529183278400041
0.26114680484013464,-0.45008841063327865,0.8559635820224123
0.26114680484013464,0.45008841063327865,-0.8559635820224123
-0.26114680484013464,0.45008841063327865,0.8559635820224123
-0.26114680484013464,-0.45008841063327865,-0.8559635820224123
0.8559635820224123,-0.26114680484013464,0.45008841063327865
0.8559635820224123,0.26114680484013464,-0.45008841063327865
-0.8559635820224123,0.26114680484013464,0.45008841063327865
-0.8559635820224123,-0.26114680484013464,-0.45008841063327865
0.45008841063327865,-0.8559635820224123,0.26114680484013464
0.45008841063327865,0.8559635820224123,-0.26114680484013464
-0.45008841063327865,0.8559635820224123,0.26114680484013464
-0.45008841063327865,-0.8559635820224123,-0.26114680484013464
0.021229634831468634,-0.5226069599283814,0.8540843077475883
0.021229634831468634,0.5226069599283814,-0.8540843077475883
-0.021229634831468634,0.5226069599283814,0.8540843077475883
-0.021229634831468634,-0.5226069599283814,-0.8540843077475883
0.8540843077475883,-0.021229634831468634,0.5226069599283814
0.8540843077475883,0.021229634831468634,-0.5226069599283814
-0.8540843077475883,0.021229634831468634,0.5226069599283814
-0.8540843077475883,-0.021229634831468634,-0.5226069599283814
0.5226069599283814,-0.8540843077475883,0.021229634831468634
0.5226069599283814,0.8540843077475883,-0.021229634831468634
-0.5226069599283814,0.8540843077475883,0.021229634831468634
-0.5226069599283814,-0.8540843077475883,-0.021229634831468634
0.32240496997164947,0.42589913166370685,0.8475148415971757
0.32240496997164947,-0.42589913166370685,-0.8475148415971757
-0.32240496997164947,-0.42589913166370685,0.8475148415971757
-0.32240496997164947,0.42589913166370685,-0.8475148415971757
0.8475148415971757,0.32240496997164947,0.42589913166370685
0.8475148415971757,-0.32240496997164947,-0.42589913166370685
-0.8475148415971757,-0.32240496997164947,0.42589913166370685
-0.8475148415971757,0.32240496997164947,-0.42589913166370685
0.42589913166370685,0.8475148415971757,0.32240496997164947
0.42589913166370685,-0.8475148415971757,-0.32240496997164947
-0.42589913166370685,-0.8475148415971757,0.32240496997164947
-0.42589913166370685,0.8475148415971757,-0.32240496997164947
0.4136529986861012,0.34163001675751137,0.8463367431675684
0.4136529986861012,-0.34163001675751137,-0.8463367431675684
-0.4136529986861012,-0.34163001675751137,0.8463367431675684
-0.4136529986861012,0.34163001675751137,-0.8463367431675684
0.8463367431675684,0.4136529986861012,0.34163001675751137
0.8463367431675684,-0.4136529986861012,-0.34163001675751137
-0.8463367431675684,-0.4136529986861012,0.34163001675751137
-0.8463367431675684,0.4136529986861012,-0.34163001675751137
0.34163001675751137,0.8463367431675684,0.4136529986861012
0.34163001675751137,-0.8463367431675684,-0.4136529986861012
-0.34163001675751137,-0.8463367431675684,0.4136529986861012
-0.34163001675751137,0.8463367431675684,-0.4136529986861012
0.5190297927208943,-0.18922824420788215,0.8369765537666425
0.5190297927208943,0.18922824420788215,-0.8369765537666425
-0.5190297927208943,0.18922824420788215,0.8369765537666425
-0.5190297927208943,-0.18922824420788215,-0.8369765537666425
0.8369765537666425,-0.5190297927208943,0.18922824420788215
0.8369765537666425,0.5190297927208943,-0.18922824420788215
-0.8369765537666425,0.5190297927208943,0.18922824420788215
-0.8369765537666425,-0.5190297927208943,-0.18922824420788215
0.18922824420788215,-0.8369765537666425,0.5190297927208943
0.18922824420788215,0.8369765537666425,-0.5190297927208943
-0.18922824420788215,0.8369765537666425,0.5190297927208943
-0.18922824420788215,-0.8369765537666425,-0.5190297927208943
0.23019528218261992,0.5001690262966999,0.8368344890165057
0.23019528218261992,-0.5001690262966999,-0.8368344890165057
-0.23019528218261992,-0.5001690262966999,0.8368344890165057
-0.23019528218261992,0.5001690262966999,-0.8368344890165057
0.8368344890165057,0.23019528218261992,0.5001690262966999
0.8368344890165057,-0.23019528218261992,-0.5001690262966999
-0.8368344890165057,-0.23019528218261992,0.5001690262966999
-0.8368344890165057,0.23019528218261992,-0.5001690262966999
0.5001690262966999,0.8368344890165057,0.23019528218261992
0.5001690262966999,-0.8368344890165057,-0.23019528218261992
-0.5001690262966999,-0.8368344890165057,0.23019528218261992
-0.5001690262966999,0.8368344890165057,-0.23019528218261992
0.12968261779989637,-0.5456083975461414,0.830003838099416
0.12968261779989637,0.5456083975461414,-0.830003838099416
-0.12968261779989637,0.5456083975461414,0.830003838099416
-0.12968261779989637,-0.5456083975461414,-0.830003838099416
0.830003838099416,-0.12968261779989637,0.5456083975461414
0.830003838099416,0.12968261779989637,-0.5456083975461414
-0.830003838099416,0.12968261779989637,0.5456083975461414
-0.830003838099416,-0.12968261779989637,-0.5456083975461414
0.5456083975461414,-0.830003838099416,0.12968261779989637
0.5456083975461414,0.830003838099416,-0.12968261779989637
-0.5456083975461414,0.830003838099416,0.12968261779989637
-0.5456083975461414,-0.830003838099416,-0.12968261779989637
0.509037721314207,0.2478341627423921,0.8273485067100842
0.509037721314207,-0.2478341627423921,-0.8273485067100842
-0.509037721314207,-0.2478341627423921,0.8273485067100842
-0.509037721314207,0.2478341627423921,-0.8273485067100842
0.8273485067100842,0.509037721314207,0.2478341627423921
0.8273485067100842,-0.509037721314207,-0.2478341627423921
-0.8273485067100842,-0.509037721314207,0.2478341627423921
-0.8273485067100842,0.509037721314207,-0.2478341627423921
0.2478341627423921,0.8273485067100842,0.509037721314207
0.2478341627423921,-0.8273485067100842,-0.509037721314207
-0.2478341627423921,-0.8273485067100842,0.509037721314207
-0.2478341627423921,0.8273485067100842,-0.509037721314207
0.13173014513388479,0.5634258428125579,0.8177884637160615
0.13173014513388479,-0.5634258428125579,-0.8177884637160615
-0.13173014513388479,-0.5634258428125579,0.8177884637160615
-0.13173014513388479,0.5634258428125579,-0.8177884637160615
0.8177884637160615,0.13173014513388479,0.5634258428125579
0.8177884637160615,-0.13173014513388479,-0.5634258428125579
-0.8177884637160615,-0.13173014513388479,0.5634258428125579
-0.8177884637160615,0.13173014513388479,-0.5634258428125579
0.5634258428125579,0.8177884637160615,0.13173014513388479
0.5634258428125579,-0.8177884637160615,-0.13173014513388479
-0.5634258428125579,-0.8177884637160615,0.13173014513388479
-0.5634258428125579,0.8177884637160615,-0.13173014513388479
0.37307572921306903,-0.44525363945816626,0.8161985901502156
0.37307572921306903,0.44525363945816626,-0.8161985901502156
-0.37307572921306903,0.44525363945816626,0.8161985901502156
-0.37307572921306903,-0.44525363945816626,-0.8161985901502156
0.8161985901502156,-0.37307572921306903,0.44525363945816626
0.8161985901502156,0.37307572921306903,-0.44525363945816626
-0.8161985901502156,0.37307572921306903,0.44525363945816626
-0.8161985901502156,-0.37307572921306903,-0.44525363945816626
0.44525363945816626,-0.8161985901502156,0.37307572921306903
0.44525363945816626,0.8161985901502156,-0.37307572921306903
-0.44525363945816626,0.8161985901502156,0.37307572921306903
-0.44525363945816626,-0.8161985901502156,-0.37307572921306903
0.5008711906099934,-0.32493826090994177,0.8048365053356833
0.5008711906099934,0.32493826090994177,-0.8048365053356833
-0.5008711906099934,0.32493826090994177,0.8048365053356833
-0.5008711906099934,-0.32493826090994177,-0.8048365053356833
0.8048365053356833,-0.5008711906099934,0.32493826090994177
0.8048365053356833,0.5008711906099934,-0.32493826090994177
-0.8048365053356833,0.5008711906099934,0.32493826090994177
-0.8048365053356833,-0.5008711906099934,-0.32493826090994177
0.32493826090994177,-0.8048365053356833,0.5008711906099934
0.32493826090994177,0.8048365053356833,-0.5008711906099934
-0.32493826090994177,0.8048365053356833,0.5008711906099934
-0.32493826090994177,-0.8048365053356833,-0.5008711906099934
0.24386563135277795,-0.5529784510029782,0.7989748608767758
0.24386563135277795,0.5529784510029782,-0.7989748608767758
-0.24386563135277795,0.5529784510029782,0.7989748608767758
-0.24386563135277795,-0.5529784510029782,-0.7989748608767758
0.7989748608767758,-0.24386563135277795,0.5529784510029782
0.7989748608767758,0.24386563135277795,-0.5529784510029782
-0.7989748608767758,0.24386563135277795,0.5529784510029782
-0.7989748608767758,-0.24386563135277795,-0.5529784510029782
0.5529784510029782,-0.7989748608767758,0.24386563135277795
0.5529784510029782,0.7989748608767758,-0.24386563135277795
-0.5529784510029782,0.7989748608767758,0.24386563135277795
-0.5529784510029782,-0.7989748608767758,-0.24386563135277795
0.02252298593108419,0.6128194594738153,0.7923857988389309
0.02252298593108419,-0.6128194594738153,-0.7923857988389309
-0.02252298593108419,-0.6128194594738153,0.7923857988389309
-0.02252298593108419,0.6128194594738153,-0.7923857988389309
0.7923857988389309,0.02252298593108419,0.6128194594738153
0.7923857988389309,-0.02252298593108419,-0.6128194594738153
-0.7923857988389309,-0.02252298593108419,0.6128194594738153
-0.7923857988389309,0.02252298593108419,-0.6128194594738153
0.6128194594738153,0.7923857988389309,0.02252298593108419
0.6128194594738153,-0.7923857988389309,-0.02252298593108419
-0.6128194594738153,-0.7923857988389309,0.02252298593108419
-0.6128194594738153,0.7923857988389309,-0.02252298593108419
0.611353351456869,0.1539637827330871,0.7799174565054628
0.611353351456869,-0.1539637827330871,-0.7799174565054628
-0.611353351456869,-0.1539637827330871,0.7799174565054628
-0.611353351456869,0.1539637827330871,-0.7799174565054628
0.7799174565054628,0.611353351456869,0.1539637827330871
0.7799174565054628,-0.611353351456869,-0.1539637827330871
-0.7799174565054628,-0.611353351456869,0.1539637827330871
-0.7799174565054628,0.611353351456869,-0.1539637827330871
0.1539637827330871,0.7799174565054628,0.611353351456869
0.1539637827330871,-0.7799174565054628,-0.611353351456869
-0.1539637827330871,-0.7799174565054628,0.611353351456869
-0.1539637827330871,0.7799174565054628,-0.611353351456869
0.38674607838322705,0.4980630641644445,0.7783389620104857
0.38674607838322705,-0.4980630641644445,-0.7783389620104857
-0.38674607838322705,-0.4980630641644445,0.7783389620104857
-0.38674607838322705,0.4980630641644445,-0.7783389620104857
0.7783389620104857,0.38674607838322705,0.4980630641644445
0.7783389620104857,-0.38674607838322705,-0.4980630641644445
-0.7783389620104857,-0.38674607838322705,0.4980630641644445
-0.7783389620104857,0.38674607838322705,-0.4980630641644445
0.4980630641644445,0.7783389620104857,0.38674607838322705
0.4980630641644445,-0.7783389620104857,-0.38674607838322705
-0.4980630641644445,-0.7783389620104857,0.38674607838322705
-0.4980630641644445,0.7783389620104857,-0.38674607838322705
0.47643046627234786,0.42059869706164354,0.7743966875643726
0.47643046627234786,-0.42059869706164354,-0.7743966875643726
-0.47643046627234786,-0.42059869706164354,0.7743966875643726
-0.47643046627234786,0.42059869706164354,-0.7743966875643726
0.7743966875643726,0.47643046627234786,0.42059869706164354
0.7743966875643726,-0.47643046627234786,-0.42059869706164354
-0.7743966875643726,-0.47643046627234786,0.42059869706164354
-0.7743966875643726,0.47643046627234786,-0.42059869706164354
0.42059869706164354,0.7743966875643726,0.47643046627234786
0.42059869706164354,-0.7743966875643726,-0.47643046627234786
-0.42059869706164354,-0.7743966875643726,0.47643046627234786
-0.42059869706164354,0.7743966875643726,-0.47643046627234786
0.2945363905941975,0.5723329587974376,0.7676586094298158
0.2945363905941975,-0.5723329587974376,-0.7676586094298158
-0.2945363905941975,-0.5723329587974376,0.7676586094298158
-0.2945363905941975,0.5723329587974376,-0.7676586094298158
0.7676586094298158,0.2945363905941975,0.5723329587974376
0.7676586094298158,-0.2945363905941975,-0.5723329587974376
-0.7676586094298158,-0.2945363905941975,0.5723329587974376
-0.7676586094298158,0.2945363905941975,-0.5723329587974376
0.5723329587974376,0.7676586094298158,0.2945363905941975
0.5723329587974376,-0.7676586094298158,-0.2945363905941975
-0.5723329587974376,-0.7676586094298158,0.2945363905941975
-0.5723329587974376,0.7676586094298158,-0.2945363905941975
0.4786887444900009,-0.43875714442098834,0.762733066157611
0.4786887444900009,0.43875714442098834,-0.762733066157611
-0.4786887444900009,0.43875714442098834,0.762733066157611
-0.4786887444900009,-0.43875714442098834,-0.762733066157611
0.762733066157611,-0.4786887444900009,0.43875714442098834
0.762733066157611,0.4786887444900009,-0.43875714442098834
-0.762733066157611,0.4786887444900009,0.43875714442098834
-0.762733066157611,-0.4786887444900009,-0.43875714442098834
0.43875714442098834,-0.762733066157611,0.4786887444900009
0.43875714442098834,0.762733066157611,-0.4786887444900009
-0.43875714442098834,0.762733066157611,0.4786887444900009
-0.43875714442098834,-0.762733066157611,-0.4786887444900009
0.09761639221535605,-0.6434349899462415,0.7620243283458494
0.09761639221535605,0.6434349899462415,-0.7620243283458494
-0.09761639221535605,0.6434349899462415,0.7620243283458494
-0.09761639221535605,-0.6434349899462415,-0.7620243283458494
0.7620243283458494,-0.09761639221535605,0.6434349899462415
0.7620243283458494,0.09761639221535605,-0.6434349899462415
-0.7620243283458494,0.09761639221535605,0.6434349899462415
-0.7620243283458494,-0.09761639221535605,-0.6434349899462415
0.6434349899462415,-0.7620243283458494,0.09761639221535605
0.6434349899462415,0.7620243283458494,-0.09761639221535605
-0.6434349899462415,0.7620243283458494,0.09761639221535605
-0.6434349899462415,-0.7620243283458494,-0.09761639221535605
0.35579455572571234,-0.5481436798278658,0.7592098690045792
0.35579455572571234,0.5481436798278658,-0.7592098690045792
-0.35579455572571234,0.5481436798278658,0.7592098690045792
-0.35579455572571234,-0.5481436798278658,-0.7592098690045792
0.7592098690045792,-0.35579455572571234,0.5481436798278658
0.7592098690045792,0.35579455572571234,-0.5481436798278658
-0.7592098690045792,0.35579455572571234,0.5481436798278658
-0.7592098690045792,-0.35579455572571234,-0.5481436798278658
0.5481436798278658,-0.7592098690045792,0.35579455572571234
0.5481436798278658,0.7592098690045792,-0.35579455572571234
-0.5481436798278658,0.7592098690045792,0.35579455572571234
-0.5481436798278658,-0.7592098690045792,-0.35579455572571234
0.5673430484982288,0.34160383304192876,0.7519035281061263
0.5673430484982288,-0.34160383304192876,-0.7519035281061263
-0.5673430484982288,-0.34160383304192876,0.7519035281061263
-0.5673430484982288,0.34160383304192876,-0.7519035281061263
0.7519035281061263,0.5673430484982288,0.34160383304192876
0.7519035281061263,-0.5673430484982288,-0.34160383304192876
-0.7519035281061263,-0.5673430484982288,0.34160383304192876
-0.7519035281061263,0.5673430484982288,-0.34160383304192876
0.34160383304192876,0.7519035281061263,0.5673430484982288
0.34160383304192876,-0.7519035281061263,-0.5673430484982288
-0.34160383304192876,-0.7519035281061263,0.5673430484982288
-0.34160383304192876,0.7519035281061263,-0.5673430484982288
0.635954776906401,-0.19935616125823388,0.7489094526020483
0.635954776906401,0.19935616125823388,-0.7489094526020483
-0.635954776906401,0.19935616125823388,0.7489094526020483
-0.635954776906401,-0.19935616125823388,-0.7489094526020483
0.7489094526020483,-0.635954776906401,0.19935616125823388
0.7489094526020483,0.635954776906401,-0.19935616125823388
-0.7489094526020483,0.635954776906401,0.19935616125823388
-0.7489094526020483,-0.635954776906401,-0.19935616125823388
0.19935616125823388,-0.7489094526020483,0.635954776906401
0.19935616125823388,0.7489094526020483,-0.635954776906401
-0.19935616125823388,0.7489094526020483,0.635954776906401
-0.19935616125823388,-0.7489094526020483,-0.635954776906401
0.19408554683923956,0.6417116061759154,0.7447434252911991
0.19408554683923956,-0.6417116061759154,-0.7447434252911991
-0.19408554683923956,-0.6417116061759154,0.7447434252911991
-0.19408554683923956,0.6417116061759154,-0.7447434252911991
0.7447434252911991,0.19408554683923956,0.6417116061759154
0.7447434252911991,-0.19408554683923956,-0.6417116061759154
-0.7447434252911991,-0.19408554683923956,0.6417116061759154
-0.7447434252911991,0.19408554683923956,-0.6417116061759154
0.6417116061759154,0.7447434252911991,0.19408554683923956
0.6417116061759154,-0.7447434252911991,-0.19408554683923956
-0.6417116061759154,-0.7447434252911991,0.19408554683923956
-0.6417116061759154,0.7447434252911991,-0.19408554683923956
0.671243740747626,-0.05705909726117961,0.7429031603243124
0.671243740747626,0.05705909726117961,-0.7429031603243124
-0.671243740747626,0.05705909726117961,0.7429031603243124
-0.671243740747626,-0.05705909726117961,-0.7429031603243124
0.7429031603243124,-0.671243740747626,0.05705909726117961
0.7429031603243124,0.671243740747626,-0.05705909726117961
-0.7429031603243124,0.671243740747626,0.05705909726117961
-0.7429031603243124,-0.671243740747626,-0.05705909726117961
0.05705909726117961,-0.7429031603243124,0.671243740747626
0.05705909726117961,0.7429031603243124,-0.671243740747626
-0.05705909726117961,0.7429031603243124,0.671243740747626
-0.05705909726117961,-0.7429031603243124,-0.671243740747626
0.6037860052628587,-0.3276838622083831,0.729380542175042
0.6037860052628587,0.3276838622083831,-0.729380542175042
-0.6037860052628587,0.3276838622083831,0.729380542175042
-0.6037860052628587,-0.3276838622083831,-0.729380542175042
0.729380542175042,-0.6037860052628587,0.3276838622083831
0.729380542175042,0.6037860052628587,-0.3276838622083831
-0.729380542175042,0.6037860052628587,0.3276838622083831
-0.729380542175042,-0.6037860052628587,-0.3276838622083831
0.3276838622083831,-0.729380542175042,0.6037860052628587
0.3276838622083831,0.729380542175042,-0.6037860052628587
-0.3276838622083831,0.729380542175042,0.6037860052628587
-0.3276838622083831,-0.729380542175042,-0.6037860052628587
0.22167855208575157,-0.6522511963283287,0.7276900101971006
0.22167855208575157,0.6522511963283287,-0.7276900101971006
-0.22167855208575157,0.6522511963283287,0.7276900101971006
-0.22167855208575157,-0.6522511963283287,-0.7276900101971006
0.7276900101971006,-0.22167855208575157,0.6522511963283287
0.7276900101971006,0.22167855208575157,-0.6522511963283287
-0.7276900101971006,0.22167855208575157,0.6522511963283287
-0.7276900101971006,-0.22167855208575157,-0.6522511963283287
0.6522511963283287,-0.7276900101971006,0.22167855208575157
0.6522511963283287,0.7276900101971006,-0.22167855208575157
-0.6522511963283287,0.7276900101971006,0.22167855208575157
-0.6522511963283287,-0.7276900101971006,-0.22167855208575157
0.4573432175918972,-0.5365644305533528,0.7112445885941043
0.4573432175918972,0.5365644305533528,-0.7112445885941043
-0.4573432175918972,0.5365644305533528,0.7112445885941043
-0.4573432175918972,-0.5365644305533528,-0.7112445885941043
0.7112445885941043,-0.4573432175918972,0.5365644305533528
0.7112445885941043,0.4573432175918972,-0.5365644305533528
-0.7112445885941043,0.4573432175918972,0.5365644305533528
-0.7112445885941043,-0.4573432175918972,-0.5365644305533528
0.5365644305533528,-0.7112445885941043,0.4573432175918972
0.5365644305533528,0.7112445885941043,-0.4573432175918972
-0.5365644305533528,0.7112445885941043,0.4573432175918972
-0.5365644305533528,-0.7112445885941043,-0.4573432175918972
0.07843905410803581,0.7027232274919856,0.7106856589465363
0.07843905410803581,-0.7027232274919856,-0.7106856589465363
-0.07843905410803581,-0.7027232274919856,0.7106856589465363
-0.07843905410803581,0.7027232274919856,-0.7106856589465363
0.7106856589465363,0.07843905410803581,0.7027232274919856
0.7106856589465363,-0.07843905410803581,-0.7027232274919856
-0.7106856589465363,-0.07843905410803581,0.7027232274919856
-0.7106856589465363,0.07843905410803581,-0.7027232274919856
0.7027232274919856,0.7106856589465363,0.07843905410803581
0.7027232274919856,-0.7106856589465363,-0.07843905410803581
-0.7027232274919856,-0.7106856589465363,0.07843905410803581
-0.7027232274919856,0.7106856589465363,-0.07843905410803581
0.6588178310735802,0.2646080126617111,0.7072201131203272
0.6588178310735802,-0.2646080126617111,-0.7072201131203272
-0.6588178310735802,-0.2646080126617111,0.7072201131203272
-0.6588178310735802,0.2646080126617111,-0.7072201131203272
0.7072201131203272,0.6588178310735802,0.2646080126617111
0.7072201131203272,-0.6588178310735802,-0.2646080126617111
-0.7072201131203272,-0.6588178310735802,0.2646080126617111
-0.7072201131203272,0.6588178310735802,-0.2646080126617111
0.2646080126617111,0.7072201131203272,0.6588178310735802
0.2646080126617111,-0.7072201131203272,-0.6588178310735802
-0.2646080126617111,-0.7072201131203272,0.6588178310735802
-0.2646080126617111,0.7072201131203272,-0.6588178310735802
0.4429746866579312,0.5598132019729141,0.702364348108509
0.4429746866579312,-0.5598132019729141,-0.702364348108509
-0.4429746866579312,-0.5598132019729141,0.702364348108509
-0.4429746866579312,0.5598132019729141,-0.702364348108509
0.702364348108509,0.4429746866579312,0.5598132019729141
0.702364348108509,-0.4429746866579312,-0.5598132019729141
-0.702364348108509,-0.4429746866579312,0.5598132019729141
-0.702364348108509,0.4429746866579312,-0.5598132019729141
0.5598132019729141,0.702364348108509,0.4429746866579312
0.5598132019729141,-0.702364348108509,-0.4429746866579312
-0.5598132019729141,-0.702364348108509,0.4429746866579312
-0.5598132019729141,0.702364348108509,-0.4429746866579312
0.5238640057690581,0.4897093098114154,0.6989660668501047
0.5238640057690581,-0.4897093098114154,-0.6989660668501047
-0.5238640057690581,-0.4897093098114154,0.6989660668501047
-0.5238640057690581,0.4897093098114154,-0.6989660668501047
0.6989660668501047,0.5238640057690581,0.4897093098114154
0.6989660668501047,-0.5238640057690581,-0.4897093098114154
-0.6989660668501047,-0.5238640057690581,0.4897093098114154
-0.6989660668501047,0.5238640057690581,-0.4897093098114154
0.4897093098114154,0.6989660668501047,0.5238640057690581
0.4897093098114154,-0.6989660668501047,-0.5238640057690581
-0.4897093098114154,-0.6989660668501047,0.5238640057690581
-0.4897093098114154,0.6989660668501047,-0.5238640057690581
0.5713614505072586,-0.43622555757986897,0.6973392950993893
0.5713614505072586,0.43622555757986897,-0.6973392950993893
-0.5713614505072586,0.43622555757986897,0.6973392950993893
-0.5713614505072586,-0.43622555757986897,-0.6973392950993893
0.6973392950993893,-0.5713614505072586,0.43622555757986897
0.6973392950993893,0.5713614505072586,-0.43622555757986897
-0.6973392950993893,0.5713614505072586,0.43622555757986897
-0.6973392950993893,-0.5713614505072586,-0.43622555757986897
0.43622555757986897,-0.6973392950993893,0.5713614505072586
0.43622555757986897,0.6973392950993893,-0.5713614505072586
-0.43622555757986897,0.6973392950993893,0.5713614505072586
-0.43622555757986897,-0.6973392950993893,-0.5713614505072586
0.33918499002594615,-0.6426665424304878,0.68957431844193
0.33918499002594615,0.6426665424304878,-0.68957431844193
-0.33918499002594615,0.6426665424304878,0.68957431844193
-0.33918499002594615,-0.6426665424304878,-0.68957431844193
0.68957431844193,-0.33918499002594615,0.6426665424304878
0.68957431844193,0.33918499002594615,-0.6426665424304878
-0.68957431844193,0.33918499002594615,0.6426665424304878
-0.68957431844193,-0.33918499002594615,-0.6426665424304878
0.6426665424304878,-0.68957431844193,0.33918499002594615
0.6426665424304878,0.68957431844193,-0.33918499002594615
-0.6426665424304878,0.68957431844193,0.33918499002594615
-0.6426665424304878,-0.68957431844193,-0.33918499002594615
0.3586088788705903,0.6330504483577146,0.6885196278402953
0.3586088788705903,-0.6330504483577146,-0.6885196278402953
-0.3586088788705903,-0.6330504483577146,0.6885196278402953
-0.3586088788705903,0.6330504483577146,-0.6885196278402953
0.6885196278402953,0.3586088788705903,0.6330504483577146
0.6885196278402953,-0.3586088788705903,-0.6330504483577146
-0.6885196278402953,-0.3586088788705903,0.6330504483577146
-0.6885196278402953,0.3586088788705903,-0.6330504483577146
0.6330504483577146,0.6885196278402953,0.3586088788705903
0.6330504483577146,-0.6885196278402953,-0.3586088788705903
-0.6330504483577146,-0.6885196278402953,0.3586088788705903
-0.6330504483577146,0.6885196278402953,-0.3586088788705903
0.6057117212333236,0.4231049216852727,0.6761096602679206
0.6057117212333236,-0.4231049216852727,-0.6761096602679206
-0.6057117212333236,-0.4231049216852727,0.6761096602679206
-0.6057117212333236,0.4231049216852727,-0.6761096602679206
0.6761096602679206,0.6057117212333236,0.4231049216852727
0.6761096602679206,-0.6057117212333236,-0.4231049216852727
-0.6761096602679206,-0.6057117212333236,0.4231049216852727
-0.6761096602679206,0.6057117212333236,-0.4231049216852727
0.4231049216852727,0.6761096602679206,0.6057117212333236
0.4231049216852727,-0.6761096602679206,-0.6057117212333236
-0.4231049216852727,-0.6761096602679206,0.6057117212333236
-0.4231049216852727,0.6761096602679206,-0.6057117212333236
0.5420546399341266,-0.5252227494869631,0.6576480885091514
0.5420546399341266,0.5252227494869631,-0.6576480885091514
-0.5420546399341266,0.5252227494869631,0.6576480885091514
-0.5420546399341266,-0.5252227494869631,-0.6576480885091514
0.6576480885091514,-0.5420546399341266,0.5252227494869631
0.6576480885091514,0.5420546399341266,-0.5252227494869631
-0.6576480885091514,0.5420546399341266,0.5252227494869631
-0.6576480885091514,-0.5420546399341266,-0.5252227494869631
0.5252227494869631,-0.6576480885091514,0.5420546399341266
0.5252227494869631,0.6576480885091514,-0.5420546399341266
-0.5252227494869631,0.6576480885091514,0.5420546399341266
-0.5252227494869631,-0.6576480885091514,-0.5420546399341266
0.44212276367749237,-0.6219694177982024,0.6484472009548835
0.44212276367749237,0.6219694177982024,-0.6484472009548835
-0.44212276367749237,0.6219694177982024,0.6484472009548835
-0.44212276367749237,-0.6219694177982024,-0.6484472009548835
0.6484472009548835,-0.44212276367749237,0.6219694177982024
0.6484472009548835,0.44212276367749237,-0.6219694177982024
-0.6484472009548835,0.44212276367749237,0.6219694177982024
-0.6484472009548835,-0.44212276367749237,-0.6219694177982024
0.6219694177982024,-0.6484472009548835,0.44212276367749237
0.6219694177982024,0.6484472009548835,-0.44212276367749237
-0.6219694177982024,0.6484472009548835,0.44212276367749237
-0.6219694177982024,-0.6484472009548835,-0.44212276367749237
0.557868998094109,0.5440330711217758,0.6281881656769659
0.557868998094109,-0.5440330711217758,-0.6281881656769659
-0.557868998094109,-0.5440330711217758,0.6281881656769659
-0.557868998094109,0.5440330711217758,-0.6281881656769659
0.6281881656769659,0.557868998094109,0.5440330711217758
0.6281881656769659,-0.557868998094109,-0.5440330711217758
-0.6281881656769659,-0.557868998094109,0.5440330711217758
-0.6281881656769659,0.557868998094109,-0.5440330711217758
0.5440330711217758,0.6281881656769659,0.557868998094109
0.5440330711217758,-0.6281881656769659,-0.557868998094109
-0.5440330711217758,-0.6281881656769659,0.557868998094109
-0.5440330711217758,0.6281881656769659,-0.557868998094109
0.49271701446682487,0.6050527044172699,0.6271557590461465
0.49271701446682487,-0.6050527044172699,-0.6271557590461465
-0.49271701446682487,-0.6050527044172699,0.6271557590461465
-0.49271701446682487,0.6050527044172699,-0.6271557590461465
0.6271557590461465,0.49271701446682487,0.6050527044172699
0.6271557590461465,-0.49271701446682487,-0.6050527044172699
-0.6271557590461465,-0.49271701446682487,0.6050527044172699
-0.6271557590461465,0.49271701446682487,-0.6050527044172699
0.6050527044172699,0.6271557590461465,0.49271701446682487
0.6050527044172699,-0.6271557590461465,-0.49271701446682487
-0.6050527044172699,-0.6271557590461465,0.49271701446682487
-0.6050527044172699,0.6271557590461465,-0.49271701446682487
0.524945680227158,-0.5973041184529191,0.6078404362127735
0.524945680227158,0.5973041184529191,-0.6078404362127735
-0.524945680227158,0.5973041184529191,0.6078404362127735
-0.524945680227158,-0.5973041184529191,-0.6078404362127735
0.6078404362127735,-0.524945680227158,0.5973041184529191
0.6078404362127735,0.524945680227158,-0.5973041184529191
-0.6078404362127735,0.524945680227158,0.5973041184529191
-0.6078404362127735,-0.524945680227158,-0.5973041184529191
0.5973041184529191,-0.6078404362127735,0.524945680227158
0.5973041184529191,0.6078404362127735,-0.524945680227158
-0.5973041184529191,0.6078404362127735,0.524945680227158
-0.5973041184529191,-0.6078404362127735,-0.524945680227158
0.5774810581160557,0.5774810581160557,0.5774810581160557
0.5774810581160557,0.5774810581160557,-0.5774810581160557
0.5774810581160557,-0.5774810581160557,0.5774810581160557
0.5774810581160557,-0.5774810581160557,-0.5774810581160557
-0.5774810581160557,0.5774810581160557,0.5774810581160557
-0.5774810581160557,0.5774810581160557,-0.5774810581160557
-0.5774810581160557,-0.5774810581160557,0.5774810581160557
-0.5774810581160557,-0.5774810581160557,-0.5774810581160557
0,12
12,2
2,14
14,0
1,13
13,3
3,15
15,1
4,17
17,5
5,16
16,4
6,19
19,7
7,18
18,6
8,22
22,11
11,21
21,8
9,23
23,10
10,20
20,9
384,516
516,612
612,492
492,384
385,517
517,613
613,493
493,385
386,518
518,614
614,494
494,386
387,519
519,615
615,495
495,387
388,520
520,616
616,496
496,388
389,521
521,617
617,497
497,389
390,522
522,618
618,498
498,390
391,523
523,619
619,499
499,391
392,524
524,620
620,500
500,392
393,525
525,621
621,501
501,393
394,526
526,622
622,502
502,394
395,527
527,623
623,503
503,395
408,552
552,576
576,444
444,408
409,553
553,577
577,445
445,409
410,554
554,578
578,446
446,410
411,555
555,579
579,447
447,411
412,556
556,580
580,448
448,412
413,557
557,581
581,449
449,413
414,558
558,582
582,450
450,414
415,559
559,583
583,451
451,415
416,560
560,584
584,452
452,416
417,561
561,585
585,453
453,417
418,562
562,586
586,454
454,418
419,563
563,587
587,455
455,419
372,204
204,288
288,432
432,372
432,636
636,660
660,372
660,712
712,540
540,372
540,468
468,312
312,372
312,144
144,204
373,205
205,289
289,433
433,373
433,637
637,661
661,373
661,713
713,541
541,373
541,469
469,313
313,373
313,145
145,205
374,206
206,290
290,434
434,374
434,638
638,662
662,374
662,714
714,542
542,374
542,470
470,314
314,374
314,146
146,206
375,207
207,291
291,435
435,375
435,639
639,663
663,375
663,715
715,543
543,375
543,471
471,315
315,375
315,147
147,207
376,209
209,293
293,437
437,376
437,641
641,665
665,376
665,716
716,544
544,376
544,472
472,316
316,376
316,148
148,209
377,208
208,292
292,436
436,377
436,640
640,664
664,377
664,717
717,545
545,377
545,473
473,317
317,377
317,149
149,208
378,210
210,294
294,438
438,378
438,642
642,666
666,378
666,719
719,547
547,378
547,475
475,319
319,378
319,151
151,210
379,211
211,295
295,439
439,379
439,643
643,667
667,379
667,718
718,546
546,379
546,474
474,318
318,379
318,150
150,211
380,214
214,298
298,442
442,380
442,646
646,670
670,380
670,708
708,548
548,380
548,476
476,320
320,380
320,152
152,214
381,213
213,297
297,441
441,381
441,645
645,669
669,381
669,711
711,551
551,381
551,479
479,323
323,381
323,155
155,213
382,212
212,296
296,440
440,382
440,644
644,668
668,382
668,710
710,550
550,382
550,478
478,322
322,382
322,154
154,212
383,215
215,299
299,443
443,383
443,647
647,671
671,383
671,709
709,549
549,383
549,477
477,321
321,383
321,153
153,215
180,132
132,216
216,240
240,180
240,302
302,194
194,180
194,98
98,132
181,135
135,219
219,243
243,181
243,301
301,193
193,181
193,97
97,135
182,134
134,218
218,242
242,182
242,300
300,192
192,182
192,96
96,134
183,133
133,217
217,241
241,183
241,303
303,195
195,183
195,99
99,133
184,136
136,220
220,244
244,184
244,304
304,196
196,184
196,100
100,136
185,137
137,221
221,245
245,185
245,305
305,197
197,185
197,101
101,137
186,138
138,222
222,246
246,186
246,306
306,198
198,186
198,102
102,138
187,139
139,223
223,247
247,187
247,307
307,199
199,187
199,103
103,139
188,140
140,224
224,248
248,188
248,309
309,201
201,188
201,105
105,140
189,141
141,225
225,249
249,189
249,308
308,200
200,189
200,104
104,141
190,143
143,227
227,251
251,190
251,310
310,202
202,190
202,106
106,143
191,142
142,226
226,250
250,191
250,311
311,203
203,191
203,107
107,142
864,828
828,844
844,832
832,864
832,848
848,836
836,864
836,840
840,828
865,853
853,813
813,861
861,865
861,809
809,857
857,865
857,805
805,853
866,852
852,812
812,860
860,866
860,808
808,856
856,866
856,804
804,852
867,829
829,845
845,833
833,867
833,849
849,837
837,867
837,841
841,829
868,854
854,814
814,862
862,868
862,810
810,858
858,868
858,806
806,854
869,831
831,847
847,835
835,869
835,851
851,839
839,869
839,843
843,831
870,830
830,846
846,834
834,870
834,850
850,838
838,870
838,842
842,830
871,855
855,815
815,863
863,871
863,811
811,859
859,871
859,807
807,855
60,84
84,204
144,60
61,85
85,205
145,61
62,86
86,206
146,62
63,87
87,207
147,63
64,89
89,209
148,64
65,88
88,208
149,65
66,91
91,211
150,66
67,90
90,210
151,67
68,94
94,214
152,68
69,95
95,215
153,69
70,92
92,212
154,70
71,93
93,213
155,71
252,312
468,420
420,252
253,313
469,421
421,253
254,314
470,422
422,254
255,315
471,423
423,255
256,316
472,424
424,256
257,317
473,425
425,257
258,318
474,426
426,258
259,319
475,427
427,259
260,320
476,428
428,260
261,321
477,429
429,261
262,322
478,430
430,262
263,323
479,431
431,263
288,360
360,504
504,432
289,361
361,505
505,433
290,362
362,506
506,434
291,363
363,507
507,435
292,364
364,508
508,436
293,365
365,509
509,437
294,366
366,510
510,438
295,367
367,511
511,439
296,368
368,512
512,440
297,369
369,513
513,441
298,370
370,514
514,442
299,371
371,515
515,443
600,668
644,684
684,600
601,669
645,685
685,601
602,670
646,686
686,602
603,671
647,687
687,603
604,660
636,688
688,604
605,661
637,689
689,605
606,662
638,690
690,606
607,663
639,691
691,607
608,664
640,692
692,608
609,665
641,693
693,609
610,666
642,694
694,610
611,667
643,695
695,611
648,728
728,548
708,648
649,729
729,549
709,649
650,730
730,550
710,650
651,731
731,551
711,651
652,720
720,540
712,652
653,721
721,541
713,653
654,722
722,542
714,654
655,723
723,543
715,655
656,724
724,544
716,656
657,725
725,545
717,657
658,726
726,546
718,658
659,727
727,547
719,659
84,168
168,288
85,169
169,289
86,170
170,290
87,171
171,291
88,172
172,292
89,173
173,293
90,174
174,294
91,175
175,295
92,176
176,296
93,177
177,297
94,178
178,298
95,179
179,299
120,144
252,120
121,145
253,121
122,146
254,122
123,147
255,123
124,148
256,124
125,149
257,125
126,150
258,126
127,151
259,127
128,152
260,128
129,153
261,129
130,154
262,130
131,155
263,131
720,624
624,468
721,625
625,469
722,626
626,470
723,627
627,471
724,628
628,472
725,629
629,473
726,630
630,474
727,631
631,475
728,632
632,476
729,633
633,477
730,634
634,478
731,635
635,479
504,672
672,636
505,673
673,637
506,674
674,638
507,675
675,639
508,676
676,640
509,677
677,641
510,678
678,642
511,679
679,643
512,680
680,644
513,681
681,645
514,682
682,646
515,683
683,647
528,708
602,528
529,709
603,529
530,710
600,530
531,711
601,531
532,712
604,532
533,713
605,533
534,714
606,534
535,715
607,535
536,716
609,536
537,717
608,537
538,718
611,538
539,719
610,539
48,60
120,48
49,61
121,49
50,62
122,50
51,63
123,51
52,64
124,52
53,65
125,53
54,66
126,54
55,67
127,55
56,68
128,56
57,69
129,57
58,70
130,58
59,71
131,59
168,276
276,360
169,277
277,361
170,278
278,362
171,279
279,363
172,280
280,364
173,281
281,365
174,282
282,366
175,283
283,367
176,284
284,368
177,285
285,369
178,286
286,370
179,287
287,371
624,564
564,420
625,565
565,421
626,566
566,422
627,567
567,423
628,568
568,424
629,569
569,425
630,570
570,426
631,571
571,427
632,572
572,428
633,573
573,429
634,574
574,430
635,575
575,431
480,648
528,480
481,649
529,481
482,650
530,482
483,651
531,483
484,652
532,484
485,653
533,485
486,654
534,486
487,655
535,487
488,656
536,488
489,657
537,489
490,658
538,490
491,659
539,491
672,772
772,688
673,773
773,689
674,774
774,690
675,775
775,691
676,776
776,692
677,777
777,693
678,778
778,694
679,779
779,695
680,768
768,684
681,769
769,685
682,770
770,686
683,771
771,687
36,108
108,168
84,36
37,109
109,169
85,37
38,110
110,170
86,38
39,111
111,171
87,39
40,112
112,172
88,40
41,113
113,173
89,41
42,114
114,174
90,42
43,115
115,175
91,43
44,116
116,176
92,44
45,117
117,177
93,45
46,118
118,178
94,46
47,119
119,179
95,47
252,264
264,156
156,120
253,265
265,157
157,121
254,266
266,158
158,122
255,267
267,159
159,123
256,268
268,160
160,124
257,269
269,161
161,125
258,270
270,162
162,126
259,271
271,163
163,127
260,272
272,164
164,128
261,273
273,165
165,129
262,274
274,166
166,130
263,275
275,167
167,131
396,530
600,456
456,396
397,531
601,457
457,397
398,528
602,458
458,398
399,529
603,459
459,399
400,532
604,460
460,400
401,533
605,461
461,401
402,534
606,462
462,402
403,535
607,463
463,403
404,537
608,464
464,404
405,536
609,465
465,405
406,539
610,466
466,406
407,538
611,467
467,407
504,588
588,756
756,672
505,589
589,757
757,673
506,590
590,758
758,674
507,591
591,759
759,675
508,592
592,760
760,676
509,593
593,761
761,677
510,594
594,762
762,678
511,595
595,763
763,679
512,596
596,764
764,680
513,597
597,765
765,681
514,598
598,766
766,682
515,599
599,767
767,683
720,784
784,792
792,624
721,785
785,793
793,625
722,786
786,794
794,626
723,787
787,795
795,627
724,788
788,796
796,628
725,789
789,797
797,629
726,790
790,798
798,630
727,791
791,799
799,631
728,780
780,800
800,632
729,781
781,801
801,633
730,782
782,802
802,634
731,783
783,803
803,635
156,72
72,48
157,73
73,49
158,74
74,50
159,75
75,51
160,76
76,52
161,77
77,53
162,78
78,54
163,79
79,55
164,80
80,56
165,81
81,57
166,82
82,58
167,83
83,59
108,228
228,276
109,229
229,277
110,230
230,278
111,231
231,279
112,232
232,280
113,233
233,281
114,234
234,282
115,235
235,283
116,236
236,284
117,237
237,285
118,238
238,286
119,239
239,287
348,480
398,348
349,481
399,349
350,482
396,350
351,483
397,351
352,484
400,352
353,485
401,353
354,486
402,354
355,487
403,355
356,488
405,356
357,489
404,357
358,490
407,358
359,491
406,359
792,744
744,564
793,745
745,565
794,746
746,566
795,747
747,567
796,748
748,568
797,749
749,569
798,750
750,570
799,751
751,571
800,752
752,572
801,753
753,573
802,754
754,574
803,755
755,575
756,820
820,772
757,821
821,773
758,822
822,774
759,823
823,775
760,824
824,776
761,825
825,777
762,826
826,778
763,827
827,779
764,816
816,768
765,817
817,769
766,818
818,770
767,819
819,771
0,36
60,0
1,37
61,1
2,38
62,2
3,39
63,3
4,40
65,4
5,41
64,5
6,42
67,6
7,43
66,7
8,44
70,8
9,45
71,9
10,46
68,10
11,47
69,11
420,408
408,264
421,409
409,265
422,410
410,266
423,411
411,267
424,412
412,268
425,413
413,269
426,414
414,270
427,415
415,271
428,416
416,272
429,417
417,273
430,418
418,274
431,419
419,275
360,492
492,588
361,493
493,589
362,494
494,590
363,495
495,591
364,496
496,592
365,497
497,593
366,498
498,594
367,499
499,595
368,500
500,596
369,501
501,597
370,502
502,598
371,503
503,599
684,516
516,456
685,517
517,457
686,518
518,458
687,519
519,459
688,520
520,460
689,521
521,461
690,522
522,462
691,523
523,463
692,524
524,464
693,525
525,465
694,526
526,466
695,527
527,467
576,780
648,576
577,781
649,577
578,782
650,578
579,783
651,579
580,784
652,580
581,785
653,581
582,786
654,582
583,787
655,583
584,788
656,584
585,789
657,585
586,790
658,586
587,791
659,587
48,12
49,13
50,14
51,15
53,17
52,16
55,19
54,18
58,22
59,23
56,20
57,21
276,384
277,385
278,386
279,387
280,388
281,389
282,390
283,391
284,392
285,393
286,394
287,395
564,552
565,553
566,554
567,555
568,556
569,557
570,558
571,559
572,560
573,561
574,562
575,563
480,444
481,445
482,446
483,447
484,448
485,449
486,450
487,451
488,452
489,453
490,454
491,455
768,612
769,613
770,614
771,615
772,616
773,617
774,618
775,619
776,620
777,621
778,622
779,623
72,26
26,12
73,27
27,13
74,24
24,14
75,25
25,15
76,28
28,16
77,29
29,17
78,30
30,18
79,31
31,19
80,33
33,20
81,32
32,21
82,35
35,22
83,34
34,23
228,336
336,384
229,337
337,385
230,338
338,386
231,339
339,387
232,340
340,388
233,341
341,389
234,342
342,390
235,343
343,391
236,344
344,392
237,345
345,393
238,346
346,394
239,347
347,395
324,444
348,324
325,445
349,325
326,446
350,326
327,447
351,327
328,448
352,328
329,449
353,329
330,450
354,330
331,451
355,331
332,452
356,332
333,453
357,333
334,454
358,334
335,455
359,335
744,732
732,552
745,733
733,553
746,734
734,554
747,735
735,555
748,736
736,556
749,737
737,557
750,738
738,558
751,739
739,559
752,740
740,560
753,741
741,561
754,742
742,562
755,743
743,563
816,696
696,612
817,697
697,613
818,698
698,614
819,699
699,615
820,700
700,616
821,701
701,617
822,702
702,618
823,703
703,619
824,704
704,620
825,705
705,621
826,706
706,622
827,707
707,623
156,216
132,72
157,217
133,73
158,218
134,74
159,219
135,75
160,220
136,76
161,221
137,77
162,222
138,78
163,223
139,79
164,224
140,80
165,225
141,81
166,226
142,82
167,227
143,83
192,228
108,96
193,229
109,97
194,230
110,98
195,231
111,99
196,232
112,100
197,233
113,101
198,234
114,102
199,235
115,103
200,236
116,104
201,237
117,105
202,238
118,106
203,239
119,107
242,350
396,300
243,351
397,301
240,348
398,302
241,349
399,303
244,352
400,304
245,353
401,305
246,354
402,306
247,355
403,307
249,357
404,308
248,356
405,309
251,359
406,310
250,358
407,311
792,844
828,744
793,845
829,745
794,846
830,746
795,847
831,747
796,848
832,748
797,849
833,749
798,850
834,750
799,851
835,751
800,840
836,752
801,841
837,753
802,842
838,754
803,843
839,755
756,804
856,820
757,805
857,821
758,806
858,822
759,807
859,823
760,808
860,824
761,809
861,825
762,810
862,826
763,811
863,827
764,812
852,816
765,813
853,817
766,814
854,818
767,815
855,819
96,24
97,25
98,26
99,27
100,28
101,29
102,30
103,31
104,32
105,33
106,34
107,35
216,324
217,325
218,326
219,327
220,328
221,329
222,330
223,331
224,332
225,333
226,334
227,335
300,336
301,337
302,338
303,339
304,340
305,341
306,342
307,343
308,344
309,345
310,346
311,347
804,696
805,697
806,698
807,699
808,700
809,701
810,702
811,703
812,704
813,705
814,706
815,707
840,732
841,733
842,734
843,735
844,736
845,737
846,738
847,739
848,740
849,741
850,742
851,743
36,24
37,25
38,26
39,27
40,28
41,29
42,30
43,31
44,32
45,33
46,34
47,35
264,324
265,325
266,326
267,327
268,328
269,329
270,330
271,331
272,332
273,333
274,334
275,335
456,336
457,337
458,338
459,339
460,340
461,341
462,342
463,343
464,344
465,345
466,346
467,347
588,696
589,697
590,698
591,699
592,700
593,701
594,702
595,703
596,704
597,705
598,706
599,707
780,732
781,733
782,734
783,735
784,736
785,737
786,738
787,739
788,740
789,741
790,742
791,743
0,1,2,3
4,5,6,7
8,9,10,11
12,13,14,15
16,17,18,19
20,21,22,23
24,25,26,27
28,29,30,31
32,33,34,35
36,37,38,39
40,41,42,43
44,45,46,47
48,49,50,51
52,53,54,55
56,57,58,59
60,61,62,63
64,65,66,67
68,69,70,71
72,73,74,75
76,77,78,79
80,81,82,83
84,85,86,87
88,89,90,91
92,93,94,95
96,97,98,99
100,101,102,103
104,105,106,107
108,109,110,111
112,113,114,115
116,117,118,119
120,121,122,123
123,124,125,126
126,127,128,129
129,130,131,132
132,133,134,120
135,136,137,138
138,139,140,141
141,142,143,144
144,145,146,147
147,148,149,135
150,151,152,153
153,154,155,156
156,157,158,159
159,160,161,162
162,163,164,150
165,166,167,168
168,169,170,171
171,172,173,174
174,175,176,177
177,178,179,165
180,181,182,183
183,184,185,186
186,187,188,189
189,190,191,192
192,193,194,180
195,196,197,198
198,199,200,201
201,202,203,204
204,205,206,207
207,208,209,195
210,211,212,213
213,214,215,216
216,217,218,219
219,220,221,222
222,223,224,210
225,226,227,228
228,229,230,231
231,232,233,234
234,235,236,237
237,238,239,225
240,241,242,243
243,244,245,246
246,247,248,249
249,250,251,252
252,253,254,240
255,256,257,258
258,259,260,261
261,262,263,264
264,265,266,267
267,268,269,255
270,271,272,273
273,274,275,276
276,277,278,279
279,280,281,282
282,283,284,270
285,286,287,288
288,289,290,291
291,292,293,294
294,295,296,297
297,298,299,285
300,301,302,303
303,304,305,306
306,307,308,300
309,310,311,312
312,313,314,315
315,316,317,309
318,319,320,321
321,322,323,324
324,325,326,318
327,328,329,330
330,331,332,333
333,334,335,327
336,337,338,339
339,340,341,342
342,343,344,336
345,346,347,348
348,349,350,351
351,352,353,345
354,355,356,357
357,358,359,360
360,361,362,354
363,364,365,366
366,367,368,369
369,370,371,363
372,373,374,375
375,376,377,378
378,379,380,372
381,382,383,384
384,385,386,387
387,388,389,381
390,391,392,393
393,394,395,396
396,397,398,390
399,400,401,402
402,403,404,405
405,406,407,399
408,409,410,411
411,412,413,414
414,415,416,408
417,418,419,420
420,421,422,423
423,424,425,417
426,427,428,429
429,430,431,432
432,433,434,426
435,436,437,438
438,439,440,441
441,442,443,435
444,445,446,447
447,448,449,450
450,451,452,444
453,454,455,456
456,457,458,459
459,460,461,453
462,463,464,465
465,466,467,468
468,469,470,462
471,472,473,474
474,475,476,477
477,478,479,471
480,481,134,482
483,484,149,485
486,487,164,488
489,490,179,491
492,493,194,494
495,496,209,497
498,499,239,500
501,502,224,503
504,505,254,506
507,508,299,509
510,511,284,512
513,514,269,515
516,131,517,518
519,146,520,521
522,161,523,524
525,176,526,527
528,191,529,530
531,206,532,533
534,236,535,536
537,221,538,539
540,251,541,542
543,296,544,545
546,281,547,548
549,266,550,551
552,553,554,122
555,556,557,137
558,559,560,152
561,562,563,167
564,565,566,197
567,568,569,182
570,571,572,212
573,574,575,227
576,577,578,272
579,580,581,257
582,583,584,242
585,586,587,287
588,275,589,590
591,260,592,593
594,245,595,596
597,290,598,599
600,125,601,602
603,140,604,605
606,155,607,608
609,170,610,611
612,200,613,614
615,185,616,617
618,215,619,620
621,230,622,623
624,625,248,626
627,628,293,629
630,631,278,632
633,634,263,635
636,637,128,638
639,640,143,641
642,643,158,644
645,646,173,647
648,649,188,650
651,652,203,653
654,655,233,656
657,658,218,659
660,661,121,481
662,663,136,484
664,665,151,487
666,667,166,490
668,669,196,496
670,671,181,493
672,673,211,502
674,675,226,499
676,677,271,511
678,679,256,514
680,681,241,505
682,683,286,508
684,133,516,685
686,148,519,687
688,163,522,689
690,178,525,691
692,193,528,693
694,208,531,695
696,238,534,697
698,223,537,699
700,253,540,701
702,298,543,703
704,283,546,705
706,268,549,707
130,637,708,709
145,640,710,711
160,643,712,713
175,646,714,715
190,649,716,717
205,652,718,719
235,655,720,721
220,658,722,723
250,625,724,725
295,628,726,727
280,631,728,729
265,634,730,731
732,733,124,554
734,735,139,557
736,737,154,560
738,739,169,563
740,741,199,566
742,743,184,569
744,745,214,572
746,747,229,575
748,749,274,578
750,751,259,581
752,753,244,584
754,755,289,587
756,247,594,757
758,292,597,759
760,277,588,761
762,262,591,763
764,127,600,765
766,142,603,767
768,157,606,769
770,172,609,771
772,187,615,773
774,202,612,775
776,232,621,777
778,217,618,779
780,482,684,781
782,485,686,783
784,488,688,785
786,491,690,787
788,494,692,789
790,497,694,791
792,500,696,793
794,503,698,795
796,506,700,797
798,509,702,799
800,512,704,801
802,515,706,803
804,805,552,661
806,807,555,663
808,809,558,665
810,811,561,667
812,813,564,669
814,815,567,671
816,817,570,673
818,819,573,675
820,821,576,677
822,823,579,679
824,825,582,681
826,827,585,683
517,709,828,829
520,711,830,831
523,713,832,833
526,715,834,835
529,717,836,837
532,719,838,839
535,721,840,841
538,723,842,843
541,725,844,845
544,727,846,847
547,729,848,849
550,731,850,851
852,626,756,853
854,629,758,855
856,632,760,857
858,635,762,859
860,638,764,861
862,641,766,863
864,644,768,865
866,647,770,867
868,650,772,869
870,653,774,871
872,656,776,873
874,659,778,875
733,876,877,601
735,878,879,604
737,880,881,607
739,882,883,610
741,884,885,613
743,886,887,616
745,888,889,619
747,890,891,622
749,892,893,589
751,894,895,592
753,896,897,595
755,898,899,598
900,901,660,902
903,904,662,905
906,907,664,908
909,910,666,911
912,913,668,914
915,916,670,917
918,919,672,920
921,922,674,923
924,925,676,926
927,928,678,929
930,931,680,932
933,934,682,935
685,936,937,938
687,939,940,941
689,942,943,944
691,945,946,947
693,948,949,950
695,951,952,953
697,954,955,956
699,957,958,959
701,960,961,962
703,963,964,965
705,966,967,968
707,969,970,971
972,761,973,974
975,763,976,977
978,757,979,980
981,759,982,983
984,765,985,986
987,767,988,989
990,769,991,992
993,771,994,995
996,775,997,998
999,773,1000,1001
1002,779,1003,1004
1005,777,1006,1007
1008,1009,1010,732
1011,1012,1013,734
1014,1015,1016,736
1017,1018,1019,738
1020,1021,1022,740
1023,1024,1025,742
1026,1027,1028,744
1029,1030,1031,746
1032,1033,1034,748
1035,1036,1037,750
1038,1039,1040,752
1041,1042,1043,754
708,1044,1045,1046
710,1047,1048,1049
712,1050,1051,1052
714,1053,1054,1055
716,1056,1057,1058
718,1059,1060,1061
720,1062,1063,1064
722,1065,1066,1067
724,1068,1069,1070
726,1071,1072,1073
728,1074,1075,1076
730,1077,1078,1079
781,938,1080,1081
783,941,1082,1083
785,944,1084,1085
787,947,1086,1087
789,950,1088,1089
791,953,1090,1091
793,956,1092,1093
795,959,1094,1095
797,962,1096,1097
799,965,1098,1099
801,968,1100,1101
803,971,1102,1103
1104,1105,804,901
1106,1107,806,904
1108,1109,808,907
1110,1111,810,910
1112,1113,812,913
1114,1115,814,916
1116,1117,816,919
1118,1119,818,922
1120,1121,820,925
1122,1123,822,928
1124,1125,824,931
1126,1127,826,934
1128,853,978,1129
1130,855,981,1131
1132,857,972,1133
1134,859,975,1135
1136,861,984,1137
1138,863,987,1139
1140,865,990,1141
1142,867,993,1143
1144,869,999,1145
1146,871,996,1147
1148,873,1005,1149
1150,875,1002,1151
828,1046,1152,1153
830,1049,1154,1155
832,1052,1156,1157
834,1055,1158,1159
836,1058,1160,1161
838,1061,1162,1163
840,1064,1164,1165
842,1067,1166,1167
844,1070,1168,1169
846,1073,1170,1171
848,1076,1172,1173
850,1079,1174,1175
1010,1176,1177,876
1013,1178,1179,878
1016,1180,1181,880
1019,1182,1183,882
1022,1184,1185,884
1025,1186,1187,886
1028,1188,1189,888
1031,1190,1191,890
1034,1192,1193,892
1037,1194,1195,894
1040,1196,1197,896
1043,1198,1199,898
1200,902,480,1201
1202,905,483,1203
1204,908,486,1205
1206,911,489,1207
1208,914,495,1209
1210,917,492,1211
1212,920,501,1213
1214,923,498,1215
1216,926,510,1217
1218,929,513,1219
1220,932,504,1221
1222,935,507,1223
518,1224,1225,936
521,1226,1227,939
524,1228,1229,942
527,1230,1231,945
530,1232,1233,948
533,1234,1235,951
536,1236,1237,954
539,1238,1239,957
542,1240,1241,960
545,1242,1243,963
548,1244,1245,966
551,1246,1247,969
1248,1249,1008,553
1250,1251,1011,556
1252,1253,1014,559
1254,1255,1017,562
1256,1257,1020,565
1258,1259,1023,568
1260,1261,1026,571
1262,1263,1029,574
1264,1265,1032,577
1266,1267,1035,580
1268,1269,1038,583
1270,1271,1041,586
973,590,1272,1273
976,593,1274,1275
979,596,1276,1277
982,599,1278,1279
985,602,1280,1281
988,605,1282,1283
991,608,1284,1285
994,611,1286,1287
997,614,1288,1289
1000,617,1290,1291
1003,620,1292,1293
1006,623,1294,1295
1296,1068,624,1297
1298,1071,627,1299
1300,1074,630,1301
1302,1077,633,1303
1304,1044,636,1305
1306,1047,639,1307
1308,1050,642,1309
1310,1053,645,1311
1312,1056,648,1313
1314,1059,651,1315
1316,1062,654,1317
1318,1065,657,1319
1201,780,1320,0
1203,782,1321,4
1205,784,1322,2
1207,786,1323,6
1209,790,1324,8
1211,788,1325,10
1213,794,1326,12
1215,792,1327,14
1217,800,1328,16
1219,802,1329,20
1221,796,1330,22
1223,798,1331,18
1332,27,1248,805
1333,31,1250,807
1334,35,1252,809
1335,39,1254,811
1336,43,1256,813
1337,47,1258,815
1338,51,1260,817
1339,55,1262,819
1340,59,1264,821
1341,63,1266,823
1342,67,1268,825
1343,71,1270,827
1224,829,1344,72
1226,831,1345,76
1228,833,1346,80
1230,835,1347,84
1232,837,1348,88
1234,839,1349,92
1236,841,1350,96
1238,843,1351,100
1240,845,1352,104
1242,847,1353,108
1244,849,1354,112
1246,851,1355,116
74,1297,852,1356
78,1299,854,1357
82,1301,856,1358
86,1303,858,1359
90,1305,860,1360
94,1307,862,1361
98,1309,864,1362
102,1311,866,1363
106,1313,868,1364
110,1315,870,1365
114,1317,872,1366
118,1319,874,1367
1272,893,1368,25
1274,895,1369,29
1276,897,1370,33
1278,899,1371,37
1280,877,1372,41
1282,879,1373,45
1284,881,1374,49
1286,883,1375,53
1288,885,1376,57
1290,887,1377,61
1292,889,1378,65
1294,891,1379,69
1320,1081,1380,1381
1321,1083,1382,1383
1322,1085,1384,1385
1323,1087,1386,1387
1325,1089,1388,1389
1324,1091,1390,1391
1327,1093,1392,1393
1326,1095,1394,1395
1330,1097,1396,1397
1331,1099,1398,1399
1328,1101,1400,1401
1329,1103,1402,1403
1404,1405,1332,1105
1406,1407,1333,1107
1408,1409,1334,1109
1410,1411,1335,1111
1412,1413,1336,1113
1414,1415,1337,1115
1416,1417,1338,1117
1418,1419,1339,1119
1420,1421,1340,1121
1422,1423,1341,1123
1424,1425,1342,1125
1426,1427,1343,1127
1428,1356,1128,1429
1430,1357,1130,1431
1432,1358,1132,1433
1434,1359,1134,1435
1436,1360,1136,1437
1438,1361,1138,1439
1440,1362,1140,1441
1442,1363,1142,1443
1444,1364,1144,1445
1446,1365,1146,1447
1448,1366,1148,1449
1450,1367,1150,1451
1344,1153,1452,1453
1345,1155,1454,1455
1346,1157,1456,1457
1347,1159,1458,1459
1348,1161,1460,1461
1349,1163,1462,1463
1350,1165,1464,1465
1351,1167,1466,1467
1352,1169,1468,1469
1353,1171,1470,1471
1354,1173,1472,1473
1355,1175,1474,1475
1368,1193,1476,1477
1369,1195,1478,1479
1370,1197,1480,1481
1371,1199,1482,1483
1372,1177,1484,1485
1373,1179,1486,1487
1374,1181,1488,1489
1375,1183,1490,1491
1376,1185,1492,1493
1377,1187,1494,1495
1378,1189,1496,1497
1379,1191,1498,1499
1080,1500,301,1501
1082,1502,328,1503
1084,1504,319,1505
1086,1506,310,1507
1088,1508,337,1509
1090,1510,346,1511
1092,1512,355,1513
1094,1514,364,1515
1096,1516,373,1517
1098,1518,382,1519
1100,1520,400,1521
1102,1522,391,1523
325,1524,1104,1525
316,1526,1106,1527
307,1528,1108,1529
334,1530,1110,1531
343,1532,1112,1533
352,1534,1114,1535
361,1536,1116,1537
370,1538,1118,1539
388,1540,1120,1541
379,1542,1122,1543
397,1544,1124,1545
406,1546,1126,1547
322,1548,1133,1549
313,1550,1135,1551
304,1552,1129,1553
331,1554,1131,1555
340,1556,1137,1557
349,1558,1139,1559
358,1560,1141,1561
367,1562,1143,1563
385,1564,1147,1565
376,1566,1145,1567
394,1568,1151,1569
403,1570,1149,1571
1152,1572,409,1573
1154,1574,436,1575
1156,1576,463,1577
1158,1578,454,1579
1160,1580,412,1581
1162,1582,439,1583
1164,1584,466,1585
1166,1586,457,1587
1168,1588,415,1589
1170,1590,442,1591
1172,1592,469,1593
1174,1594,460,1595
1596,433,1597,1176
1598,424,1599,1178
1600,451,1601,1180
1602,478,1603,1182
1604,430,1605,1184
1606,421,1607,1186
1608,448,1609,1188
1610,475,1611,1190
1612,427,1613,1192
1614,418,1615,1194
1616,445,1617,1196
1618,472,1619,1198
1384,1505,326,1620
1386,1507,317,1621
1380,1501,308,1622
1382,1503,335,1623
1388,1509,344,1624
1390,1511,353,1625
1392,1513,362,1626
1394,1515,371,1627
1398,1519,389,1628
1396,1517,380,1629
1402,1523,398,1630
1400,1521,407,1631
1632,1429,1552,302
1633,1431,1554,329
1634,1433,1548,320
1635,1435,1550,311
1636,1437,1556,338
1637,1439,1558,347
1638,1441,1560,356
1639,1443,1562,365
1640,1445,1566,374
1641,1447,1564,383
1642,1449,1570,401
1643,1451,1568,392
1524,323,1644,1404
1526,314,1645,1406
1528,305,1646,1408
1530,332,1647,1410
1532,341,1648,1412
1534,350,1649,1414
1536,359,1650,1416
1538,368,1651,1418
1540,386,1652,1420
1542,377,1653,1422
1544,395,1654,1424
1546,404,1655,1426
1476,1613,434,1656
1478,1615,425,1657
1480,1617,452,1658
1482,1619,479,1659
1484,1597,431,1660
1486,1599,422,1661
1488,1601,449,1662
1490,1603,476,1663
1492,1605,428,1664
1494,1607,419,1665
1496,1609,446,1666
1498,1611,473,1667
1452,1573,416,1668
1454,1575,443,1669
1456,1577,470,1670
1458,1579,461,1671
1460,1581,410,1672
1462,1583,437,1673
1464,1585,464,1674
1466,1587,455,1675
1468,1589,413,1676
1470,1591,440,1677
1472,1593,467,1678
1474,1595,458,1679
1620,1525,900,1680
1621,1527,903,1681
1622,1529,906,1682
1623,1531,909,1683
1624,1533,912,1684
1625,1535,915,1685
1626,1537,918,1686
1627,1539,921,1687
1628,1541,924,1688
1629,1543,927,1689
1630,1545,930,1690
1631,1547,933,1691
937,1692,1632,1500
940,1693,1633,1502
943,1694,1634,1504
946,1695,1635,1506
949,1696,1636,1508
952,1697,1637,1510
955,1698,1638,1512
958,1699,1639,1514
961,1700,1640,1516
964,1701,1641,1518
967,1702,1642,1520
970,1703,1643,1522
1549,974,1704,1644
1551,977,1705,1645
1553,980,1706,1646
1555,983,1707,1647
1557,986,1708,1648
1559,989,1709,1649
1561,992,1710,1650
1563,995,1711,1651
1565,998,1712,1652
1567,1001,1713,1653
1569,1004,1714,1654
1571,1007,1715,1655
1716,1656,1596,1009
1717,1657,1598,1012
1718,1658,1600,1015
1719,1659,1602,1018
1720,1660,1604,1021
1721,1661,1606,1024
1722,1662,1608,1027
1723,1663,1610,1030
1724,1664,1612,1033
1725,1665,1614,1036
1726,1666,1616,1039
1727,1667,1618,1042
1668,1588,1069,1728
1669,1590,1072,1729
1670,1592,1075,1730
1671,1594,1078,1731
1672,1572,1045,1732
1673,1574,1048,1733
1674,1576,1051,1734
1675,1578,1054,1735
1676,1580,1057,1736
1677,1582,1060,1737
1678,1584,1063,1738
1679,1586,1066,1739
3,1385,1680,1200
7,1387,1681,1202
1,1381,1682,1204
5,1383,1683,1206
11,1389,1684,1208
9,1391,1685,1210
15,1393,1686,1212
13,1395,1687,1214
19,1399,1688,1216
23,1397,1689,1218
21,1403,1690,1220
17,1401,1691,1222
1225,75,1428,1692
1227,79,1430,1693
1229,83,1432,1694
1231,87,1434,1695
1233,91,1436,1696
1235,95,1438,1697
1237,99,1440,1698
1239,103,1442,1699
1241,107,1444,1700
1243,111,1446,1701
1245,115,1448,1702
1247,119,1450,1703
1704,1273,24,1405
1705,1275,28,1407
1706,1277,32,1409
1707,1279,36,1411
1708,1281,40,1413
1709,1283,44,1415
1710,1285,48,1417
1711,1287,52,1419
1712,1289,56,1421
1713,1291,60,1423
1714,1293,64,1425
1715,1295,68,1427
26,1477,1716,1249
30,1479,1717,1251
34,1481,1718,1253
38,1483,1719,1255
42,1485,1720,1257
46,1487,1721,1259
50,1489,1722,1261
54,1491,1723,1263
58,1493,1724,1265
62,1495,1725,1267
66,1497,1726,1269
70,1499,1727,1271
1453,1728,1296,73
1455,1729,1298,77
1457,1730,1300,81
1459,1731,1302,85
1461,1732,1304,89
1463,1733,1306,93
1465,1734,1308,97
1467,1735,1310,101
1469,1736,1312,105
1471,1737,1314,109
1473,1738,1316,113
1475,1739,1318,117
