422,900,480
0.0,0.0,1.0
0.0,0.0,-1.0
1.0,0.0,0.0
-1.0,0.0,0.0
0.0,1.0,0.0
0.0,-1.0,0.0
0.0023929030607629633,0.17792130117448826,0.9840418103939074
0.0023929030607629633,-0.17792130117448826,-0.9840418103939074
-0.0023929030607629633,-0.17792130117448826,0.9840418103939074
-0.0023929030607629633,0.17792130117448826,-0.9840418103939074
0.9840418103939074,0.0023929030607629633,0.17792130117448826
0.9840418103939074,-0.0023929030607629633,-0.17792130117448826
-0.9840418103939074,-0.0023929030607629633,0.17792130117448826
-0.9840418103939074,0.0023929030607629633,-0.17792130117448826
0.17792130117448826,0.9840418103939074,0.0023929030607629633
0.17792130117448826,-0.9840418103939074,-0.0023929030607629633
-0.17792130117448826,-0.9840418103939074,0.0023929030607629633
-0.17792130117448826,0.9840418103939074,-0.0023929030607629633
0.271092149723194,-0.0036459784777836245,0.9625464940455588
0.271092149723194,0.0036459784777836245,-0.9625464940455588
-0.271092149723194,0.0036459784777836245,0.9625464940455588
-0.271092149723194,-0.0036459784777836245,-0.9625464940455588
0.9625464940455588,-0.271092149723194,0.0036459784777836245
0.9625464940455588,0.271092149723194,-0.0036459784777836245
-0.9625464940455588,0.271092149723194,0.0036459784777836245
-0.9625464940455588,-0.271092149723194,-0.0036459784777836245
0.0036459784777836245,-0.9625464940455588,0.271092149723194
0.0036459784777836245,0.9625464940455588,-0.271092149723194
-0.0036459784777836245,0.9625464940455588,0.271092149723194
-0.0036459784777836245,-0.9625464940455588,-0.271092149723194
0.002375026064359096,-0.18494455196269205,0.9827460872221842
0.002375026064359096,0.18494455196269205,-0.9827460872221842
-0.002375026064359096,0.18494455196269205,0.9827460872221842
-0.002375026064359096,-0.18494455196269205,-0.9827460872221842
0.9827460872221842,-0.002375026064359096,0.18494455196269205
0.9827460872221842,0.002375026064359096,-0.18494455196269205
-0.9827460872221842,0.002375026064359096,0.18494455196269205
-0.9827460872221842,-0.002375026064359096,-0.18494455196269205
0.18494455196269205,-0.9827460872221842,0.002375026064359096
0.18494455196269205,0.9827460872221842,-0.002375026064359096
-0.18494455196269205,0.9827460872221842,0.002375026064359096
-0.18494455196269205,-0.9827460872221842,-0.002375026064359096
0.27547592023560724,0.0035774340596162807,0.961301315580029
0.27547592023560724,-0.0035774340596162807,-0.961301315580029
-0.27547592023560724,-0.0035774340596162807,0.961301315580029
-0.27547592023560724,0.0035774340596162807,-0.961301315580029
0.961301315580029,0.27547592023560724,0.0035774340596162807
0.961301315580029,-0.27547592023560724,-0.0035774340596162807
-0.961301315580029,-0.27547592023560724,0.0035774340596162807
-0.961301315580029,0.27547592023560724,-0.0035774340596162807
0.0035774340596162807,0.961301315580029,0.27547592023560724
0.0035774340596162807,-0.961301315580029,-0.27547592023560724
-0.0035774340596162807,-0.961301315580029,0.27547592023560724
-0.0035774340596162807,0.961301315580029,-0.27547592023560724
0.2752214401475159,0.1849724166232892,0.9434184458508683
0.2752214401475159,-0.1849724166232892,-0.9434184458508683
-0.2752214401475159,-0.1849724166232892,0.9434184458508683
-0.2752214401475159,0.1849724166232892,-0.9434184458508683
0.9434184458508683,0.2752214401475159,0.1849724166232892
0.9434184458508683,-0.2752214401475159,-0.1849724166232892
-0.9434184458508683,-0.2752214401475159,0.1849724166232892
-0.9434184458508683,0.2752214401475159,-0.1849724166232892
0.1849724166232892,0.9434184458508683,0.2752214401475159
0.1849724166232892,-0.9434184458508683,-0.2752214401475159
-0.1849724166232892,-0.9434184458508683,0.2752214401475159
-0.1849724166232892,0.9434184458508683,-0.2752214401475159
0.2755175956222901,-0.18482755189509,0.9433603927253783
0.2755175956222901,0.18482755189509,-0.9433603927253783
-0.2755175956222901,0.18482755189509,0.9433603927253783
-0.2755175956222901,-0.18482755189509,-0.9433603927253783
0.9433603927253783,-0.2755175956222901,0.18482755189509
0.9433603927253783,0.2755175956222901,-0.18482755189509
-0.9433603927253783,0.2755175956222901,0.18482755189509
-0.9433603927253783,-0.2755175956222901,-0.18482755189509
0.18482755189509,-0.9433603927253783,0.2755175956222901
0.18482755189509,0.9433603927253783,-0.2755175956222901
-0.18482755189509,0.9433603927253783,0.2755175956222901
-0.18482755189509,-0.9433603927253783,-0.2755175956222901
0.0,0.35682208977308993,0.9341723589627157
0.0,0.35682208977308993,-0.9341723589627157
0.0,-0.35682208977308993,0.9341723589627157
0.0,-0.35682208977308993,-0.9341723589627157
0.9341723589627157,0.0,0.35682208977308993
0.9341723589627157,0.0,-0.35682208977308993
-0.9341723589627157,0.0,0.35682208977308993
-0.9341723589627157,0.0,-0.35682208977308993
0.35682208977308993,0.9341723589627157,0.0
0.35682208977308993,-0.9341723589627157,0.0
-0.35682208977308993,0.9341723589627157,0.0
-0.35682208977308993,-0.9341723589627157,0.0
0.27949722410963335,-0.19189078040254695,0.940775866033728
0.27949722410963335,0.19189078040254695,-0.940775866033728
-0.27949722410963335,0.19189078040254695,0.940775866033728
-0.27949722410963335,-0.19189078040254695,-0.940775866033728
0.940775866033728,-0.27949722410963335,0.19189078040254695
0.940775866033728,0.27949722410963335,-0.19189078040254695
-0.940775866033728,0.27949722410963335,0.19189078040254695
-0.940775866033728,-0.27949722410963335,-0.19189078040254695
0.19189078040254695,-0.940775866033728,0.27949722410963335
0.19189078040254695,0.940775866033728,-0.27949722410963335
-0.19189078040254695,0.940775866033728,0.27949722410963335
-0.19189078040254695,-0.940775866033728,-0.27949722410963335
0.2797445604716661,0.19166692469063154,0.9407479847792128
0.2797445604716661,-0.19166692469063154,-0.9407479847792128
-0.2797445604716661,-0.19166692469063154,0.9407479847792128
-0.2797445604716661,0.19166692469063154,-0.9407479847792128
0.9407479847792128,0.2797445604716661,0.19166692469063154
0.9407479847792128,-0.2797445604716661,-0.19166692469063154
-0.9407479847792128,-0.2797445604716661,0.19166692469063154
-0.9407479847792128,0.2797445604716661,-0.19166692469063154
0.19166692469063154,0.9407479847792128,0.2797445604716661
0.19166692469063154,-0.9407479847792128,-0.2797445604716661
-0.19166692469063154,-0.9407479847792128,0.2797445604716661
-0.19166692469063154,0.9407479847792128,-0.2797445604716661
0.1552494695844404,0.43230059758940975,0.8882644851155478
0.1552494695844404,-0.43230059758940975,-0.8882644851155478
-0.1552494695844404,-0.43230059758940975,0.8882644851155478
-0.1552494695844404,0.43230059758940975,-0.8882644851155478
0.8882644851155478,0.1552494695844404,0.43230059758940975
0.8882644851155478,-0.1552494695844404,-0.43230059758940975
-0.8882644851155478,-0.1552494695844404,0.43230059758940975
-0.8882644851155478,0.1552494695844404,-0.43230059758940975
0.43230059758940975,0.8882644851155478,0.1552494695844404
0.43230059758940975,-0.8882644851155478,-0.1552494695844404
-0.43230059758940975,-0.8882644851155478,0.1552494695844404
-0.43230059758940975,0.8882644851155478,-0.1552494695844404
0.5257311121191336,0.0,0.8506508083520399
0.5257311121191336,0.0,-0.8506508083520399
-0.5257311121191336,0.0,0.8506508083520399
-0.5257311121191336,0.0,-0.8506508083520399
0.8506508083520399,0.5257311121191336,0.0
0.8506508083520399,-0.5257311121191336,0.0
-0.8506508083520399,0.5257311121191336,0.0
-0.8506508083520399,-0.5257311121191336,0.0
0.0,0.8506508083520399,0.5257311121191336
0.0,0.8506508083520399,-0.5257311121191336
0.0,-0.8506508083520399,0.5257311121191336
0.0,-0.8506508083520399,-0.5257311121191336
0.43190219839654165,-0.25668046885765355,0.8646245589429261
0.43190219839654165,0.25668046885765355,-0.8646245589429261
-0.43190219839654165,0.25668046885765355,0.8646245589429261
-0.43190219839654165,-0.25668046885765355,-0.8646245589429261
0.8646245589429261,-0.43190219839654165,0.25668046885765355
0.8646245589429261,0.43190219839654165,-0.25668046885765355
-0.8646245589429261,0.43190219839654165,0.25668046885765355
-0.8646245589429261,-0.43190219839654165,-0.25668046885765355
0.25668046885765355,-0.8646245589429261,0.43190219839654165
0.25668046885765355,0.8646245589429261,-0.43190219839654165
-0.25668046885765355,0.8646245589429261,0.43190219839654165
-0.25668046885765355,-0.8646245589429261,-0.43190219839654165
0.16134073780612437,-0.43510430023068447,0.8858066460830726
0.16134073780612437,0.43510430023068447,-0.8858066460830726
-0.16134073780612437,0.43510430023068447,0.8858066460830726
-0.16134073780612437,-0.43510430023068447,-0.8858066460830726
0.8858066460830726,-0.16134073780612437,0.43510430023068447
0.8858066460830726,0.16134073780612437,-0.43510430023068447
-0.8858066460830726,0.16134073780612437,0.43510430023068447
-0.8858066460830726,-0.16134073780612437,-0.43510430023068447
0.43510430023068447,-0.8858066460830726,0.16134073780612437
0.43510430023068447,0.8858066460830726,-0.16134073780612437
-0.43510430023068447,0.8858066460830726,0.16134073780612437
-0.43510430023068447,-0.8858066460830726,-0.16134073780612437
0.4300396408480465,0.2608284215443173,0.8643115421038776
0.4300396408480465,-0.2608284215443173,-0.8643115421038776
-0.4300396408480465,-0.2608284215443173,0.8643115421038776
-0.4300396408480465,0.2608284215443173,-0.8643115421038776
0.8643115421038776,0.4300396408480465,0.2608284215443173
0.8643115421038776,-0.4300396408480465,-0.2608284215443173
-0.8643115421038776,-0.4300396408480465,0.2608284215443173
-0.8643115421038776,0.4300396408480465,-0.2608284215443173
0.2608284215443173,0.8643115421038776,0.4300396408480465
0.2608284215443173,-0.8643115421038776,-0.4300396408480465
-0.2608284215443173,-0.8643115421038776,0.4300396408480465
-0.2608284215443173,0.8643115421038776,-0.4300396408480465
0.1528744435200813,-0.4361434704857096,0.8867966382836069
0.1528744435200813,0.4361434704857096,-0.8867966382836069
-0.1528744435200813,0.4361434704857096,0.8867966382836069
-0.1528744435200813,-0.4361434704857096,-0.8867966382836069
0.8867966382836069,-0.1528744435200813,0.4361434704857096
0.8867966382836069,0.1528744435200813,-0.4361434704857096
-0.8867966382836069,0.1528744435200813,0.4361434704857096
-0.8867966382836069,-0.1528744435200813,-0.4361434704857096
0.4361434704857096,-0.8867966382836069,0.1528744435200813
0.4361434704857096,0.8867966382836069,-0.1528744435200813
-0.4361434704857096,0.8867966382836069,0.1528744435200813
-0.4361434704857096,-0.8867966382836069,-0.1528744435200813
0.1589478347453614,0.4389760987147826,0.8843277506597375
0.1589478347453614,-0.4389760987147826,-0.8843277506597375
-0.1589478347453614,-0.4389760987147826,0.8843277506597375
-0.1589478347453614,0.4389760987147826,-0.8843277506597375
0.8843277506597375,0.1589478347453614,0.4389760987147826
0.8843277506597375,-0.1589478347453614,-0.4389760987147826
-0.8843277506597375,-0.1589478347453614,0.4389760987147826
-0.8843277506597375,0.1589478347453614,-0.4389760987147826
0.4389760987147826,0.8843277506597375,0.1589478347453614
0.4389760987147826,-0.8843277506597375,-0.1589478347453614
-0.4389760987147826,-0.8843277506597375,0.1589478347453614
-0.4389760987147826,0.8843277506597375,-0.1589478347453614
0.0042757839621174725,0.6372084249939225,0.7706796615898683
0.0042757839621174725,-0.6372084249939225,-0.7706796615898683
-0.0042757839621174725,-0.6372084249939225,0.7706796615898683
-0.0042757839621174725,0.6372084249939225,-0.7706796615898683
0.7706796615898683,0.0042757839621174725,0.6372084249939225
0.7706796615898683,-0.0042757839621174725,-0.6372084249939225
-0.7706796615898683,-0.0042757839621174725,0.6372084249939225
-0.7706796615898683,0.0042757839621174725,-0.6372084249939225
0.6372084249939225,0.7706796615898683,0.0042757839621174725
0.6372084249939225,-0.7706796615898683,-0.0042757839621174725
-0.6372084249939225,-0.7706796615898683,0.0042757839621174725
-0.6372084249939225,0.7706796615898683,-0.0042757839621174725
0.43769060829751233,0.25889144469900793,0.8610471248833098
0.43769060829751233,-0.25889144469900793,-0.8610471248833098
-0.43769060829751233,-0.25889144469900793,0.8610471248833098
-0.43769060829751233,0.25889144469900793,-0.8610471248833098
0.8610471248833098,0.43769060829751233,0.25889144469900793
0.8610471248833098,-0.43769060829751233,-0.25889144469900793
-0.8610471248833098,-0.43769060829751233,0.25889144469900793
-0.8610471248833098,0.43769060829751233,-0.25889144469900793
0.25889144469900793,0.8610471248833098,0.43769060829751233
0.25889144469900793,-0.8610471248833098,-0.43769060829751233
-0.25889144469900793,-0.8610471248833098,0.43769060829751233
-0.25889144469900793,0.8610471248833098,-0.43769060829751233
0.43593895794735105,-0.2630817601658382,0.860665563626094
0.43593895794735105,0.2630817601658382,-0.860665563626094
-0.43593895794735105,0.2630817601658382,0.860665563626094
-0.43593895794735105,-0.2630817601658382,-0.860665563626094
0.860665563626094,-0.43593895794735105,0.2630817601658382
0.860665563626094,0.43593895794735105,-0.2630817601658382
-0.860665563626094,0.43593895794735105,0.2630817601658382
-0.860665563626094,-0.43593895794735105,-0.2630817601658382
0.2630817601658382,-0.860665563626094,0.43593895794735105
0.2630817601658382,0.860665563626094,-0.43593895794735105
-0.2630817601658382,0.860665563626094,0.43593895794735105
-0.2630817601658382,-0.860665563626094,-0.43593895794735105
0.30901699437494745,0.5,0.8090169943749475
0.30901699437494745,0.5,-0.8090169943749475
0.30901699437494745,-0.5,0.8090169943749475
0.30901699437494745,-0.5,-0.8090169943749475
-0.30901699437494745,0.5,0.8090169943749475
-0.30901699437494745,0.5,-0.8090169943749475
-0.30901699437494745,-0.5,0.8090169943749475
-0.30901699437494745,-0.5,-0.8090169943749475
0.8090169943749475,0.30901699437494745,0.5
0.8090169943749475,0.30901699437494745,-0.5
0.8090169943749475,-0.30901699437494745,0.5
0.8090169943749475,-0.30901699437494745,-0.5
-0.8090169943749475,0.30901699437494745,0.5
-0.8090169943749475,0.30901699437494745,-0.5
-0.8090169943749475,-0.30901699437494745,0.5
-0.8090169943749475,-0.30901699437494745,-0.5
0.5,0.8090169943749475,0.30901699437494745
0.5,0.8090169943749475,-0.30901699437494745
0.5,-0.8090169943749475,0.30901699437494745
0.5,-0.8090169943749475,-0.30901699437494745
-0.5,0.8090169943749475,0.30901699437494745
-0.5,0.8090169943749475,-0.30901699437494745
-0.5,-0.8090169943749475,0.30901699437494745
-0.5,-0.8090169943749475,-0.30901699437494745
0.004226964849376052,-0.6374637589061461,0.7704687461859884
0.004226964849376052,0.6374637589061461,-0.7704687461859884
-0.004226964849376052,0.6374637589061461,0.7704687461859884
-0.004226964849376052,-0.6374637589061461,-0.7704687461859884
0.7704687461859884,-0.004226964849376052,0.6374637589061461
0.7704687461859884,0.004226964849376052,-0.6374637589061461
-0.7704687461859884,0.004226964849376052,0.6374637589061461
-0.7704687461859884,-0.004226964849376052,-0.6374637589061461
0.6374637589061461,-0.7704687461859884,0.004226964849376052
0.6374637589061461,0.7704687461859884,-0.004226964849376052
-0.6374637589061461,0.7704687461859884,0.004226964849376052
-0.6374637589061461,-0.7704687461859884,-0.004226964849376052
0.15894749112485254,-0.6994647338797206,0.6967673794916683
0.15894749112485254,0.6994647338797206,-0.6967673794916683
-0.15894749112485254,0.6994647338797206,0.6967673794916683
-0.15894749112485254,-0.6994647338797206,-0.6967673794916683
0.6967673794916683,-0.15894749112485254,0.6994647338797206
0.6967673794916683,0.15894749112485254,-0.6994647338797206
-0.6967673794916683,0.15894749112485254,0.6994647338797206
-0.6967673794916683,-0.15894749112485254,-0.6994647338797206
0.6994647338797206,-0.6967673794916683,0.15894749112485254
0.6994647338797206,0.6967673794916683,-0.15894749112485254
-0.6994647338797206,0.6967673794916683,0.15894749112485254
-0.6994647338797206,-0.6967673794916683,-0.15894749112485254
0.1564262781609344,0.702409870881021,0.6943710771551659
0.1564262781609344,-0.702409870881021,-0.6943710771551659
-0.1564262781609344,-0.702409870881021,0.6943710771551659
-0.1564262781609344,0.702409870881021,-0.6943710771551659
0.6943710771551659,0.1564262781609344,0.702409870881021
0.6943710771551659,-0.1564262781609344,-0.702409870881021
-0.6943710771551659,-0.1564262781609344,0.702409870881021
-0.6943710771551659,0.1564262781609344,-0.702409870881021
0.702409870881021,0.6943710771551659,0.1564262781609344
0.702409870881021,-0.6943710771551659,-0.1564262781609344
-0.702409870881021,-0.6943710771551659,0.1564262781609344
-0.702409870881021,0.6943710771551659,-0.1564262781609344
0.44922345042905293,0.5450657116791248,0.7078853449085843
0.44922345042905293,-0.5450657116791248,-0.7078853449085843
-0.44922345042905293,-0.5450657116791248,0.7078853449085843
-0.44922345042905293,0.5450657116791248,-0.7078853449085843
0.7078853449085843,0.44922345042905293,0.5450657116791248
0.7078853449085843,-0.44922345042905293,-0.5450657116791248
-0.7078853449085843,-0.44922345042905293,0.5450657116791248
-0.7078853449085843,0.44922345042905293,-0.5450657116791248
0.5450657116791248,0.7078853449085843,0.44922345042905293
0.5450657116791248,-0.7078853449085843,-0.44922345042905293
-0.5450657116791248,-0.7078853449085843,0.44922345042905293
-0.5450657116791248,0.7078853449085843,-0.44922345042905293
0.5788018214953569,-0.3058966338192322,0.7559204328841228
0.5788018214953569,0.3058966338192322,-0.7559204328841228
-0.5788018214953569,0.3058966338192322,0.7559204328841228
-0.5788018214953569,-0.3058966338192322,-0.7559204328841228
0.7559204328841228,-0.5788018214953569,0.3058966338192322
0.7559204328841228,0.5788018214953569,-0.3058966338192322
-0.7559204328841228,0.5788018214953569,0.3058966338192322
-0.7559204328841228,-0.5788018214953569,-0.3058966338192322
0.3058966338192322,-0.7559204328841228,0.5788018214953569
0.3058966338192322,0.7559204328841228,-0.5788018214953569
-0.3058966338192322,0.7559204328841228,0.5788018214953569
-0.3058966338192322,-0.7559204328841228,-0.5788018214953569
0.16484680822415704,0.7017180725012415,0.6931214010138848
0.16484680822415704,-0.7017180725012415,-0.6931214010138848
-0.16484680822415704,-0.7017180725012415,0.6931214010138848
-0.16484680822415704,0.7017180725012415,-0.6931214010138848
0.6931214010138848,0.16484680822415704,0.7017180725012415
0.6931214010138848,-0.16484680822415704,-0.7017180725012415
-0.6931214010138848,-0.16484680822415704,0.7017180725012415
-0.6931214010138848,0.16484680822415704,-0.7017180725012415
0.7017180725012415,0.6931214010138848,0.16484680822415704
0.7017180725012415,-0.6931214010138848,-0.16484680822415704
-0.7017180725012415,-0.6931214010138848,0.16484680822415704
-0.7017180725012415,0.6931214010138848,-0.16484680822415704
0.44683054736829,-0.5489375101632229,0.7064064494852492
0.44683054736829,0.5489375101632229,-0.7064064494852492
-0.44683054736829,0.5489375101632229,0.7064064494852492
-0.44683054736829,-0.5489375101632229,-0.7064064494852492
0.7064064494852492,-0.44683054736829,0.5489375101632229
0.7064064494852492,0.44683054736829,-0.5489375101632229
-0.7064064494852492,0.44683054736829,0.5489375101632229
-0.7064064494852492,-0.44683054736829,-0.5489375101632229
0.5489375101632229,-0.7064064494852492,0.44683054736829
0.5489375101632229,0.7064064494852492,-0.44683054736829
-0.5489375101632229,0.7064064494852492,0.44683054736829
-0.5489375101632229,-0.7064064494852492,-0.44683054736829
0.4544960406941972,-0.5466026167364745,0.7033199331528557
0.4544960406941972,0.5466026167364745,-0.7033199331528557
-0.4544960406941972,0.5466026167364745,0.7033199331528557
-0.4544960406941972,-0.5466026167364745,-0.7033199331528557
0.7033199331528557,-0.4544960406941972,0.5466026167364745
0.7033199331528557,0.4544960406941972,-0.5466026167364745
-0.7033199331528557,0.4544960406941972,0.5466026167364745
-0.7033199331528557,-0.4544960406941972,-0.5466026167364745
0.5466026167364745,-0.7033199331528557,0.4544960406941972
0.5466026167364745,0.7033199331528557,-0.4544960406941972
-0.5466026167364745,0.7033199331528557,0.4544960406941972
-0.5466026167364745,-0.7033199331528557,-0.4544960406941972
0.5787888811873213,0.30621002085694576,0.7558034494104388
0.5787888811873213,-0.30621002085694576,-0.7558034494104388
-0.5787888811873213,-0.30621002085694576,0.7558034494104388
-0.5787888811873213,0.30621002085694576,-0.7558034494104388
0.7558034494104388,0.5787888811873213,0.30621002085694576
0.7558034494104388,-0.5787888811873213,-0.30621002085694576
-0.7558034494104388,-0.5787888811873213,0.30621002085694576
-0.7558034494104388,0.5787888811873213,-0.30621002085694576
0.30621002085694576,0.7558034494104388,0.5787888811873213
0.30621002085694576,-0.7558034494104388,-0.5787888811873213
-0.30621002085694576,-0.7558034494104388,0.5787888811873213
-0.30621002085694576,0.7558034494104388,-0.5787888811873213
0.1622146880619051,-0.7046208467223755,0.6907936430955496
0.1622146880619051,0.7046208467223755,-0.6907936430955496
-0.1622146880619051,0.7046208467223755,0.6907936430955496
-0.1622146880619051,-0.7046208467223755,-0.6907936430955496
0.6907936430955496,-0.1622146880619051,0.7046208467223755
0.6907936430955496,0.1622146880619051,-0.7046208467223755
-0.6907936430955496,0.1622146880619051,0.7046208467223755
-0.6907936430955496,-0.1622146880619051,-0.7046208467223755
0.7046208467223755,-0.6907936430955496,0.1622146880619051
0.7046208467223755,0.6907936430955496,-0.1622146880619051
-0.7046208467223755,0.6907936430955496,0.1622146880619051
-0.7046208467223755,-0.6907936430955496,-0.1622146880619051
0.4521210146298381,0.5504454896327744,0.7018520863209149
0.4521210146298381,-0.5504454896327744,-0.7018520863209149
-0.4521210146298381,-0.5504454896327744,0.7018520863209149
-0.4521210146298381,0.5504454896327744,-0.7018520863209149
0.7018520863209149,0.4521210146298381,0.5504454896327744
0.7018520863209149,-0.4521210146298381,-0.5504454896327744
-0.7018520863209149,-0.4521210146298381,0.5504454896327744
-0.7018520863209149,0.4521210146298381,-0.5504454896327744
0.5504454896327744,0.7018520863209149,0.4521210146298381
0.5504454896327744,-0.7018520863209149,-0.4521210146298381
-0.5504454896327744,-0.7018520863209149,0.4521210146298381
-0.5504454896327744,0.7018520863209149,-0.4521210146298381
0.5856411942908983,0.3032842258730667,0.7516934680347468
0.5856411942908983,-0.3032842258730667,-0.7516934680347468
-0.5856411942908983,-0.3032842258730667,0.7516934680347468
-0.5856411942908983,0.3032842258730667,-0.7516934680347468
0.7516934680347468,0.5856411942908983,0.3032842258730667
0.7516934680347468,-0.5856411942908983,-0.3032842258730667
-0.7516934680347468,-0.5856411942908983,0.3032842258730667
-0.7516934680347468,0.5856411942908983,-0.3032842258730667
0.3032842258730667,0.7516934680347468,0.5856411942908983
0.3032842258730667,-0.7516934680347468,-0.5856411942908983
-0.3032842258730667,-0.7516934680347468,0.5856411942908983
-0.3032842258730667,0.7516934680347468,-0.5856411942908983
0.5857072449665791,-0.30356744103980543,0.7515276654483213
0.5857072449665791,0.30356744103980543,-0.7515276654483213
-0.5857072449665791,0.30356744103980543,0.7515276654483213
-0.5857072449665791,-0.30356744103980543,-0.7515276654483213
0.7515276654483213,-0.5857072449665791,0.30356744103980543
0.7515276654483213,0.5857072449665791,-0.30356744103980543
-0.7515276654483213,0.5857072449665791,0.30356744103980543
-0.7515276654483213,-0.5857072449665791,-0.30356744103980543
0.30356744103980543,-0.7515276654483213,0.5857072449665791
0.30356744103980543,0.7515276654483213,-0.5857072449665791
-0.30356744103980543,0.7515276654483213,0.5857072449665791
-0.30356744103980543,-0.7515276654483213,-0.5857072449665791
0.5773502691896257,0.5773502691896257,0.5773502691896257
0.5773502691896257,0.5773502691896257,-0.5773502691896257
0.5773502691896257,-0.5773502691896257,0.5773502691896257
0.5773502691896257,-0.5773502691896257,-0.5773502691896257
-0.5773502691896257,0.5773502691896257,0.5773502691896257
-0.5773502691896257,0.5773502691896257,-0.5773502691896257
-0.5773502691896257,-0.5773502691896257,0.5773502691896257
-0.5773502691896257,-0.5773502691896257,-0.5773502691896257
6,32
32,20
20,0
0,6
7,33
33,21
21,1
1,7
8,30
30,18
18,0
0,8
9,31
31,19
19,1
1,9
10,34
34,22
22,2
2,10
11,35
35,23
23,2
2,11
12,36
36,24
24,3
3,12
13,37
37,25
25,3
3,13
14,39
39,27
27,4
4,14
15,38
38,26
26,5
5,15
16,41
41,29
29,5
5,16
17,40
40,28
28,4
4,17
114,162
162,234
234,186
186,114
115,163
163,237
237,187
187,115
116,164
164,240
240,188
188,116
117,165
165,239
239,189
189,117
118,166
166,242
242,190
190,118
119,167
167,245
245,191
191,119
120,168
168,248
248,192
192,120
121,169
169,247
247,193
193,121
122,170
170,250
250,194
194,122
123,171
171,253
253,195
195,123
124,172
172,256
256,196
196,124
125,173
173,255
255,197
197,125
150,174
174,270
270,236
236,150
151,175
175,271
271,235
235,151
152,176
176,272
272,238
238,152
153,177
177,273
273,241
241,153
154,178
178,274
274,244
244,154
155,179
179,275
275,243
243,155
156,180
180,276
276,246
246,156
157,181
181,277
277,249
249,157
158,182
182,278
278,252
252,158
159,183
183,279
279,251
251,159
160,184
184,280
280,254
254,160
161,185
185,281
281,257
257,161
222,236
236,330
330,342
342,222
223,235
235,331
331,343
343,223
224,238
238,332
332,344
344,224
225,241
241,333
333,345
345,225
226,244
244,334
334,346
346,226
227,243
243,335
335,347
347,227
228,246
246,336
336,348
348,228
229,249
249,337
337,349
349,229
230,252
252,338
338,350
350,230
231,251
251,339
339,351
351,231
232,254
254,340
340,352
352,232
233,257
257,341
341,353
353,233
294,378
378,318
318,234
234,294
295,379
379,319
319,237
237,295
296,380
380,320
320,240
240,296
297,381
381,321
321,239
239,297
298,382
382,322
322,242
242,298
299,383
383,323
323,245
245,299
300,384
384,324
324,248
248,300
301,385
385,325
325,247
247,301
302,386
386,326
326,250
250,302
303,387
387,327
327,253
253,303
304,388
388,328
328,256
256,304
305,389
389,329
329,255
255,305
18,42
42,6
19,43
43,7
20,44
44,8
21,45
45,9
23,46
46,10
22,47
47,11
25,48
48,12
24,49
49,13
28,50
50,14
29,51
51,15
26,52
52,16
27,53
53,17
138,150
222,138
139,151
223,139
140,152
224,140
141,153
225,141
142,154
226,142
143,155
227,143
144,156
228,144
145,157
229,145
146,158
230,146
147,159
231,147
148,160
232,148
149,161
233,149
162,210
210,294
163,211
211,295
164,212
212,296
165,213
213,297
166,214
214,298
167,215
215,299
168,216
216,300
169,217
217,301
170,218
218,302
171,219
219,303
172,220
220,304
173,221
221,305
318,282
282,186
319,283
283,187
320,284
284,188
321,285
285,189
322,286
286,190
323,287
287,191
324,288
288,192
325,289
289,193
326,290
290,194
327,291
291,195
328,292
292,196
329,293
293,197
270,366
366,330
271,367
367,331
272,368
368,332
273,369
369,333
274,370
370,334
275,371
371,335
276,372
372,336
277,373
373,337
278,374
374,338
279,375
375,339
280,376
376,340
281,377
377,341
6,54
54,78
78,32
7,55
55,81
81,33
8,56
56,80
80,30
9,57
57,79
79,31
10,58
58,82
82,34
11,59
59,83
83,35
12,60
60,84
84,36
13,61
61,85
85,37
14,62
62,86
86,39
15,63
63,87
87,38
16,64
64,89
89,41
17,65
65,88
88,40
90,80
80,174
150,90
91,79
79,175
151,91
92,78
78,176
152,92
93,81
81,177
153,93
94,82
82,178
154,94
95,83
83,179
155,95
96,84
84,180
156,96
97,85
85,181
157,97
98,87
87,182
158,98
99,86
86,183
159,99
100,88
88,184
160,100
101,89
89,185
161,101
186,198
198,78
78,114
187,199
199,81
81,115
188,200
200,80
80,116
189,201
201,79
79,117
190,202
202,82
82,118
191,203
203,83
83,119
192,204
204,84
84,120
193,205
205,85
85,121
194,206
206,86
86,122
195,207
207,87
87,123
196,208
208,89
89,124
197,209
209,88
88,125
294,354
354,414
414,378
295,355
355,417
417,379
296,356
356,420
420,380
297,357
357,419
419,381
298,358
358,414
414,382
299,359
359,417
417,383
300,360
360,420
420,384
301,361
361,419
419,385
302,362
362,414
414,386
303,363
363,417
417,387
304,364
364,420
420,388
305,365
365,419
419,389
330,410
410,416
416,342
331,411
411,415
415,343
332,412
412,418
418,344
333,413
413,421
421,345
334,402
402,416
416,346
335,403
403,415
415,347
336,404
404,418
418,348
337,405
405,421
421,349
338,406
406,416
416,350
339,407
407,415
415,351
340,408
408,418
418,352
341,409
409,421
421,353
90,66
66,30
91,67
67,31
92,68
68,32
93,69
69,33
94,70
70,34
95,71
71,35
96,72
72,36
97,73
73,37
98,74
74,38
99,75
75,39
100,76
76,40
101,77
77,41
54,102
102,114
55,103
103,115
56,104
104,116
57,105
105,117
58,106
106,118
59,107
107,119
60,108
108,120
61,109
109,121
62,110
110,122
63,111
111,123
64,112
112,124
65,113
113,125
200,258
258,174
201,259
259,175
198,260
260,176
199,261
261,177
202,262
262,178
203,263
263,179
204,264
264,180
205,265
265,181
207,266
266,182
206,267
267,183
209,268
268,184
208,269
269,185
306,342
402,306
307,343
403,307
308,344
404,308
309,345
405,309
310,346
406,310
311,347
407,311
312,348
408,312
313,349
409,313
314,350
410,314
315,351
411,315
316,352
412,316
317,353
413,317
354,390
390,382
355,391
391,383
356,392
392,384
357,393
393,385
358,394
394,386
359,395
395,387
360,396
396,388
361,397
397,389
362,398
398,378
363,399
399,379
364,400
400,380
365,401
401,381
18,66
66,126
126,42
19,67
67,127
127,43
20,68
68,128
128,44
21,69
69,129
129,45
22,70
70,131
131,47
23,71
71,130
130,46
24,72
72,132
132,49
25,73
73,133
133,48
26,74
74,136
136,52
27,75
75,135
135,53
28,76
76,134
134,50
29,77
77,137
137,51
102,126
126,210
162,102
103,127
127,211
163,103
104,128
128,212
164,104
105,129
129,213
165,105
106,130
130,214
166,106
107,131
131,215
167,107
108,133
133,216
168,108
109,132
132,217
169,109
110,134
134,218
170,110
111,137
137,219
171,111
112,136
136,220
172,112
113,135
135,221
173,113
222,306
306,126
126,138
223,307
307,127
127,139
224,308
308,128
128,140
225,309
309,129
129,141
226,310
310,131
131,142
227,311
311,130
130,143
228,312
312,132
132,144
229,313
313,133
133,145
230,314
314,136
136,146
231,315
315,135
135,147
232,316
316,134
134,148
233,317
317,137
137,149
258,136
136,366
270,258
259,135
135,367
271,259
260,134
134,368
272,260
261,137
137,369
273,261
262,126
126,370
274,262
263,127
127,371
275,263
264,128
128,372
276,264
265,129
129,373
277,265
266,131
131,374
278,266
267,130
130,375
279,267
268,132
132,376
280,268
269,133
133,377
281,269
318,398
398,134
134,282
319,399
399,137
137,283
320,400
400,136
136,284
321,401
401,135
135,285
322,390
390,126
126,286
323,391
391,127
127,287
324,392
392,128
128,288
325,393
393,129
129,289
326,394
394,130
130,290
327,395
395,131
131,291
328,396
396,133
133,292
329,397
397,132
132,293
54,42
55,43
56,44
57,45
58,46
59,47
60,48
61,49
62,50
63,51
64,52
65,53
90,138
91,139
92,140
93,141
94,142
95,143
96,144
97,145
98,146
99,147
100,148
101,149
198,282
199,283
200,284
201,285
202,286
203,287
204,288
205,289
206,290
207,291
208,292
209,293
354,210
355,211
356,212
357,213
358,214
359,215
360,216
361,217
362,218
363,219
364,220
365,221
402,370
403,371
404,372
405,373
406,374
407,375
408,376
409,377
410,366
411,367
412,368
413,369
0,1,2,3
4,5,6,7
8,9,10,11
12,13,14,15
16,17,18,19
20,21,22,23
24,25,26,27
28,29,30,31
32,33,34,35
36,37,38,39
40,41,42,43
44,45,46,47
48,49,50,51
52,53,54,55
56,57,58,59
60,61,62,63
64,65,66,67
68,69,70,71
72,73,74,75
76,77,78,79
80,81,82,83
84,85,86,87
88,89,90,91
92,93,94,95
96,97,98,99
100,101,102,103
104,105,106,107
108,109,110,111
112,113,114,115
116,117,118,119
120,121,122,123
124,125,126,127
128,129,130,131
132,133,134,135
136,137,138,139
140,141,142,143
144,145,146,147
148,149,150,151
152,153,154,155
156,157,158,159
160,161,162,163
164,165,166,167
168,169,170,171
172,173,174,175
176,177,178,179
180,181,182,183
184,185,186,187
188,189,190,191
192,193,194,195
196,197,198,199
200,201,202,203
204,205,206,207
208,209,210,211
212,213,214,215
216,217,218,219
220,221,222,223
224,225,226,227
228,229,230,231
232,233,234,235
236,237,238,239
3,10,240,241
7,14,242,243
11,2,244,245
15,6,246,247
19,22,248,249
23,18,250,251
27,30,252,253
31,26,254,255
35,46,256,257
39,42,258,259
43,38,260,261
47,34,262,263
264,99,144,265
266,103,148,267
268,107,152,269
270,111,156,271
272,115,160,273
274,119,164,275
276,123,168,277
278,127,172,279
280,131,176,281
282,135,180,283
284,139,184,285
286,143,188,287
288,289,195,49
290,291,199,53
292,293,203,57
294,295,207,61
296,297,211,65
298,299,215,69
300,301,219,73
302,303,223,77
304,305,227,81
306,307,231,85
308,309,235,89
310,311,239,93
50,194,312,313
54,198,314,315
58,202,316,317
62,206,318,319
66,210,320,321
70,214,322,323
74,218,324,325
78,222,326,327
82,226,328,329
86,230,330,331
90,234,332,333
94,238,334,335
336,337,145,98
338,339,149,102
340,341,153,106
342,343,157,110
344,345,161,114
346,347,165,118
348,349,169,122
350,351,173,126
352,353,177,130
354,355,181,134
356,357,185,138
358,359,189,142
360,361,362,0
363,364,365,4
366,367,368,8
369,370,371,12
372,373,374,16
375,376,377,20
378,379,380,24
381,382,383,28
384,385,386,32
387,388,389,36
390,391,392,40
393,394,395,44
396,397,96,398
399,400,100,401
402,403,104,404
405,406,108,407
408,409,112,410
411,412,116,413
414,415,120,416
417,418,124,419
420,421,128,422
423,424,132,425
426,427,136,428
429,430,140,431
51,432,433,434
55,435,436,437
59,438,439,440
63,441,442,443
67,444,445,446
71,447,448,449
75,450,451,452
79,453,454,455
83,456,457,458
87,459,460,461
91,462,463,464
95,465,466,467
468,469,470,192
471,472,473,196
474,475,476,200
477,478,479,204
480,481,482,208
483,484,485,212
486,487,488,216
489,490,491,220
492,493,494,224
495,496,497,228
498,499,500,232
501,502,503,236
504,505,506,146
507,508,509,150
510,511,512,154
513,514,515,158
516,517,518,162
519,520,521,166
522,523,524,170
525,526,527,174
528,529,530,178
531,532,533,182
534,535,536,186
537,538,539,190
368,396,540,541
371,399,542,543
362,402,544,545
365,405,546,547
374,408,548,549
377,411,550,551
380,414,552,553
383,417,554,555
389,420,556,557
386,423,558,559
395,426,560,561
392,429,562,563
564,565,434,361
566,567,437,364
568,569,440,367
570,571,443,370
572,573,446,373
574,575,449,376
576,577,452,379
578,579,455,382
580,581,458,385
582,583,461,388
584,585,464,391
586,587,467,394
397,439,588,589
400,442,590,591
403,433,592,593
406,436,594,595
409,445,596,597
412,448,598,599
415,451,600,601
418,454,602,603
421,460,604,605
424,457,606,607
427,466,608,609
430,463,610,611
612,506,517,613
614,509,520,615
616,512,523,617
618,515,526,619
620,518,529,621
622,521,532,623
624,524,535,625
626,527,538,627
628,530,505,629
630,533,508,631
632,536,511,633
634,539,514,635
636,637,482,469
638,639,485,472
640,641,488,475
642,643,491,478
644,645,494,481
646,647,497,484
648,649,500,487
650,651,503,490
652,653,470,493
654,655,473,496
656,657,476,499
658,659,479,502
660,661,662,240
663,664,665,242
666,667,668,244
669,670,671,246
672,673,674,250
675,676,677,248
678,679,680,254
681,682,683,252
684,685,686,260
687,688,689,262
690,691,692,256
693,694,695,258
696,697,288,698
699,700,290,701
702,703,292,704
705,706,294,707
708,709,296,710
711,712,298,713
714,715,300,716
717,718,302,719
720,721,304,722
723,724,306,725
726,727,308,728
729,730,310,731
265,732,733,734
267,735,736,737
269,738,739,740
271,741,742,743
273,744,745,746
275,747,748,749
277,750,751,752
279,753,754,755
281,756,757,758
283,759,760,761
285,762,763,764
287,765,766,767
768,769,336,770
771,772,338,773
774,775,340,776
777,778,342,779
780,781,344,782
783,784,346,785
786,787,348,788
789,790,350,791
792,793,352,794
795,796,354,797
798,799,356,800
801,802,358,803
312,804,805,806
314,807,808,809
316,810,811,812
318,813,814,815
320,816,817,818
322,819,820,821
324,822,823,824
326,825,826,827
328,828,829,830
330,831,832,833
332,834,835,836
334,837,838,839
662,696,564,840
665,699,566,841
668,702,568,842
671,705,570,843
677,708,572,844
674,711,574,845
683,714,576,846
680,717,578,847
692,720,580,848
695,723,582,849
686,726,584,850
689,729,586,851
540,852,734,661
542,853,737,664
544,854,740,667
546,855,743,670
548,856,746,673
550,857,749,676
552,858,752,679
554,859,755,682
556,860,758,685
558,861,761,688
560,862,764,691
562,863,767,694
864,806,774,592
865,809,777,594
866,812,768,588
867,815,771,590
868,818,780,596
869,821,783,598
870,824,786,600
871,827,789,602
872,830,795,606
873,833,792,604
874,836,801,610
875,839,798,608
697,817,636,876
700,820,638,877
703,823,640,878
706,826,642,879
709,829,644,880
712,832,646,881
715,835,648,882
718,838,650,883
721,805,652,884
724,808,654,885
727,811,656,886
730,814,658,887
613,888,781,733
615,889,784,736
617,890,787,739
619,891,790,742
621,892,793,745
623,893,796,748
625,894,799,751
627,895,802,754
629,896,769,757
631,897,772,760
633,898,775,763
635,899,778,766
241,840,360
243,841,363
245,842,366
247,843,369
249,844,372
251,845,375
253,846,378
255,847,381
257,848,384
259,849,387
261,850,390
263,851,393
398,264,852
401,266,853
404,268,854
407,270,855
410,272,856
413,274,857
416,276,858
419,278,859
422,280,860
425,282,861
428,284,862
431,286,863
313,864,432
315,865,435
317,866,438
319,867,441
321,868,444
323,869,447
325,870,450
327,871,453
329,872,456
331,873,459
333,874,462
335,875,465
876,468,289
877,471,291
878,474,293
879,477,295
880,480,297
881,483,299
882,486,301
883,489,303
884,492,305
885,495,307
886,498,309
887,501,311
337,896,504
339,897,507
341,898,510
343,899,513
345,888,516
347,889,519
349,890,522
351,891,525
353,892,528
355,893,531
357,894,534
359,895,537
9,541,660
13,543,663
1,545,666
5,547,669
17,549,672
21,551,675
25,553,678
29,555,681
37,557,684
33,559,687
45,561,690
41,563,693
698,48,565
701,52,567
704,56,569
707,60,571
710,64,573
713,68,575
716,72,577
719,76,579
722,80,581
725,84,583
728,88,585
731,92,587
589,770,97
591,773,101
593,776,105
595,779,109
597,782,113
599,785,117
601,788,121
603,791,125
605,794,129
607,797,133
609,800,137
611,803,141
147,612,732
151,614,735
155,616,738
159,618,741
163,620,744
167,622,747
171,624,750
175,626,753
179,628,756
183,630,759
187,632,762
191,634,765
193,653,804
197,655,807
201,657,810
205,659,813
209,637,816
213,639,819
217,641,822
221,643,825
225,645,828
229,647,831
233,649,834
237,651,837
