84,150,60
0.7612881450838477,0.0,1.2317900939780269
0.7612881450838477,0.0,-1.2317900939780269
-0.7612881450838477,0.0,1.2317900939780269
-0.7612881450838477,0.0,-1.2317900939780269
1.2317900939780269,0.7612881450838477,0.0
1.2317900939780269,-0.7612881450838477,0.0
-1.2317900939780269,0.7612881450838477,0.0
-1.2317900939780269,-0.7612881450838477,0.0
0.0,1.2317900939780269,0.7612881450838477
0.0,1.2317900939780269,-0.7612881450838477
0.0,-1.2317900939780269,0.7612881450838477
0.0,-1.2317900939780269,-0.7612881450838477
0.23298348405801106,-0.1855578560787372,1.1722614951149282
0.23298348405801106,0.1855578560787372,-1.1722614951149282
-0.23298348405801106,0.1855578560787372,1.1722614951149282
-0.23298348405801106,-0.1855578560787372,-1.1722614951149282
1.1722614951149282,-0.23298348405801106,0.1855578560787372
1.1722614951149282,0.23298348405801106,-0.1855578560787372
-1.1722614951149282,0.23298348405801106,0.1855578560787372
-1.1722614951149282,-0.23298348405801106,-0.1855578560787372
0.1855578560787372,-1.1722614951149282,0.23298348405801106
0.1855578560787372,1.1722614951149282,-0.23298348405801106
-0.1855578560787372,1.1722614951149282,0.23298348405801106
-0.1855578560787372,-1.1722614951149282,-0.23298348405801106
0.3286210068634237,0.3403026185777381,1.11315425542134
0.3286210068634237,-0.3403026185777381,-1.11315425542134
-0.3286210068634237,-0.3403026185777381,1.11315425542134
-0.3286210068634237,0.3403026185777381,-1.11315425542134
1.11315425542134,0.3286210068634237,0.3403026185777381
1.11315425542134,-0.3286210068634237,-0.3403026185777381
-1.11315425542134,-0.3286210068634237,0.3403026185777381
-1.11315425542134,0.3286210068634237,-0.3403026185777381
0.3403026185777381,1.11315425542134,0.3286210068634237
0.3403026185777381,-1.11315425542134,-0.3286210068634237
-0.3403026185777381,-1.11315425542134,0.3286210068634237
-0.3403026185777381,1.11315425542134,-0.3286210068634237
0.6222993380423288,0.0,1.0069014801290483
0.6222993380423288,0.0,-1.0069014801290483
-0.6222993380423288,0.0,1.0069014801290483
-0.6222993380423288,0.0,-1.0069014801290483
1.0069014801290483,0.6222993380423288,0.0
1.0069014801290483,-0.6222993380423288,0.0
-1.0069014801290483,0.6222993380423288,0.0
-1.0069014801290483,-0.6222993380423288,0.0
0.0,1.0069014801290483,0.6222993380423288
0.0,1.0069014801290483,-0.6222993380423288
0.0,-1.0069014801290483,0.6222993380423288
0.0,-1.0069014801290483,-0.6222993380423288
0.09563752280541266,-0.7172778146009693,0.9691625434561199
0.09563752280541266,0.7172778146009693,-0.9691625434561199
-0.09563752280541266,0.7172778146009693,0.9691625434561199
-0.09563752280541266,-0.7172778146009693,-0.9691625434561199
0.9691625434561199,-0.09563752280541266,0.7172778146009693
0.9691625434561199,0.09563752280541266,-0.7172778146009693
-0.9691625434561199,0.09563752280541266,0.7172778146009693
-0.9691625434561199,-0.09563752280541266,-0.7172778146009693
0.7172778146009693,-0.9691625434561199,0.09563752280541266
0.7172778146009693,0.9691625434561199,-0.09563752280541266
-0.7172778146009693,0.9691625434561199,0.09563752280541266
-0.7172778146009693,-0.9691625434561199,-0.09563752280541266
0.6288599248783818,-0.454983680513959,0.9275963993426029
0.6288599248783818,0.454983680513959,-0.9275963993426029
-0.6288599248783818,0.454983680513959,0.9275963993426029
-0.6288599248783818,-0.454983680513959,-0.9275963993426029
0.9275963993426029,-0.6288599248783818,0.454983680513959
0.9275963993426029,0.6288599248783818,-0.454983680513959
-0.9275963993426029,0.6288599248783818,0.454983680513959
-0.9275963993426029,-0.6288599248783818,-0.454983680513959
0.454983680513959,-0.9275963993426029,0.6288599248783818
0.454983680513959,0.9275963993426029,-0.6288599248783818
-0.454983680513959,0.9275963993426029,0.6288599248783818
-0.454983680513959,-0.9275963993426029,-0.6288599248783818
0.7836046873773826,0.39587644082037077,0.8319588765371901
0.7836046873773826,-0.39587644082037077,-0.8319588765371901
-0.7836046873773826,-0.39587644082037077,0.8319588765371901
-0.7836046873773826,0.39587644082037077,-0.8319588765371901
0.8319588765371901,0.7836046873773826,0.39587644082037077
0.8319588765371901,-0.7836046873773826,-0.39587644082037077
-0.8319588765371901,-0.7836046873773826,0.39587644082037077
-0.8319588765371901,0.7836046873773826,-0.39587644082037077
0.39587644082037077,0.8319588765371901,0.7836046873773826
0.39587644082037077,-0.8319588765371901,-0.7836046873773826
-0.39587644082037077,-0.8319588765371901,0.7836046873773826
-0.39587644082037077,0.8319588765371901,-0.7836046873773826
0,16
16,17
17,40
40,76
76,0
76,32
32,44
44,50
50,0
50,62
62,38
38,26
26,0
26,82
82,46
46,68
68,0
68,56
56,41
41,16
1,17
41,77
77,1
77,33
33,47
47,51
51,1
51,63
63,39
39,27
27,1
27,83
83,45
45,69
69,1
69,57
57,40
2,18
18,19
19,43
43,78
78,2
78,34
34,46
46,48
48,2
48,60
60,36
36,24
24,2
24,80
80,44
44,70
70,2
70,58
58,42
42,18
3,19
42,79
79,3
79,35
35,45
45,49
49,3
49,61
61,37
37,25
25,3
25,81
81,47
47,71
71,3
71,59
59,43
4,21
21,22
22,44
80,4
36,52
52,4
52,64
64,41
41,29
29,4
29,73
73,37
61,4
45,21
5,20
20,23
23,47
81,5
37,53
53,5
53,65
65,40
40,28
28,5
28,72
72,36
60,5
46,20
6,22
83,6
39,55
55,6
55,67
67,43
43,30
30,6
30,74
74,38
62,6
7,23
82,7
38,54
54,7
54,66
66,42
42,31
31,7
31,75
75,39
63,7
8,14
14,12
12,36
72,8
57,8
35,8
66,8
38,14
9,13
13,15
15,39
75,9
58,9
32,9
65,9
37,13
10,12
74,10
59,10
33,10
64,10
11,15
73,11
56,11
34,11
67,11
0,1,2,3,4
4,5,6,7,8
8,9,10,11,12
12,13,14,15,16
16,17,18,19,0
20,1,19,21,22
22,23,24,25,26
26,27,28,29,30
30,31,32,33,34
34,35,36,2,20
37,38,39,40,41
41,42,43,44,45
45,46,47,48,49
49,50,51,52,53
53,54,55,56,37
57,38,56,58,59
59,60,61,62,63
63,64,65,66,67
67,68,69,70,71
71,72,73,39,57
74,75,76,51,77
77,50,48,78,79
79,80,81,82,83
83,84,85,65,86
86,64,62,87,74
88,89,90,69,91
91,68,66,92,93
93,94,95,96,97
97,98,99,47,100
100,46,44,101,88
102,75,87,32,103
103,31,29,104,105
105,106,107,108,109
109,110,111,10,112
112,9,7,76,102
113,89,101,14,114
114,13,11,115,116
116,117,118,119,120
120,121,122,28,123
123,27,25,90,113
124,125,126,99,127
127,98,96,36,128
128,35,33,61,129
129,60,58,118,130
130,117,115,131,124
132,133,134,122,135
135,121,119,55,136
136,54,52,6,137
137,5,3,95,138
138,94,92,139,132
140,125,131,111,141
141,110,108,73,142
142,72,70,24,143
143,23,21,81,144
144,80,78,126,140
145,133,139,85,146
146,84,82,18,147
147,17,15,43,148
148,42,40,107,149
149,106,104,134,145
